ordernum,region,store,saledate,dep,item,unitsold,unitprice,employeeID,customerID,loyalty,firstpurchase,freq
0,West US,West US Store 78,2019-04-19,Baby,Diapers,17,30,14396515,61367714,True,2019-04-19,1
1,West US,West US Store 78,2019-06-16,Baby,Cribs,26,10,93797966,29387356,False,2019-06-16,1
2,West US,West US Store 78,2019-07-13,Furniture,Pool furniture,28,75,71355087,65257217,True,2019-07-13,1
3,West US,West US Store 78,2019-02-18,Furniture,Patio furniture,11,75,84420082,85136899,True,2019-02-18,1
4,West US,West US Store 78,2019-08-15,Furniture,Patio furniture,29,40,45222906,6050338,False,2019-08-15,1
5,West US,West US Store 78,2019-01-19,Beauty/Health,Bath,7,10,90272529,84704732,True,2019-01-19,1
6,West US,West US Store 78,2019-02-25,Baby,Strollers,10,5,68752233,47970537,True,2019-02-25,1
7,West US,West US Store 78,2019-02-01,Clothing,Baby,11,25,56360217,71307555,True,2019-02-01,1
8,West US,West US Store 78,2019-06-16,Electronics,Televisions,21,200,34934083,30683857,False,2019-06-16,1
9,West US,West US Store 78,2019-02-27,Electronics,Computers,9,50,70364047,76493559,True,2019-02-27,1
10,West US,West US Store 78,2019-01-09,Baby,Diaper bags,6,30,44137930,27226521,False,2019-01-09,1
11,West US,West US Store 78,2019-01-16,Furniture,Beds,8,15,35125245,61799881,True,2019-01-16,1
12,West US,West US Store 78,2019-07-24,Beauty/Health,Makeup,27,10,39768996,61799881,True,2019-01-16,2
13,West US,West US Store 78,2019-07-17,Furniture,Indoor tables,29,15,94061236,13397177,False,2019-07-17,1
14,West US,West US Store 78,2019-04-09,Beauty/Health,Skincare,15,6,61247131,58342545,True,2019-04-09,1
15,West US,West US Store 78,2019-07-31,Beauty/Health,Fragrances,29,10,23394992,35869861,False,2019-07-31,1
16,West US,West US Store 78,2019-05-08,Clothing,Kids,20,25,81971016,72604056,True,2019-05-08,1
17,West US,West US Store 78,2019-03-10,Clothing,Shoes,12,25,17047144,26362187,False,2019-03-10,1
18,West US,West US Store 78,2019-06-06,Baby,Diaper bags,26,30,11025765,70011054,True,2019-06-06,1
19,West US,West US Store 78,2019-06-12,Beauty/Health,Fragrances,26,10,13679217,4753837,False,2019-06-12,1
20,West US,West US Store 78,2019-07-30,Electronics,Speakers,25,200,36084038,69146720,True,2019-07-30,1
21,West US,West US Store 78,2019-02-10,Beauty/Health,Feminine Products,11,10,54251111,73036223,True,2019-02-10,1
22,West US,West US Store 78,2019-06-27,Electronics,Cell Phones,22,200,19500554,85569066,True,2019-06-27,1
23,West US,West US Store 78,2019-08-12,Clothing,Shoes,29,12,25181404,59206879,True,2019-08-12,1
24,West US,West US Store 78,2019-03-18,Furniture,Indoor seating,14,75,42728876,82976064,True,2019-03-18,1
25,West US,West US Store 78,2019-01-20,Electronics,Speakers,7,100,97303436,20311849,False,2019-01-20,1
26,West US,West US Store 78,2019-01-01,Baby,Diaper bags,6,12,49286972,78222227,True,2019-01-01,1
27,West US,West US Store 78,2019-08-03,Beauty/Health,Haircare,30,10,67582351,9939841,False,2019-08-03,1
28,West US,West US Store 78,2019-03-24,Baby,Strollers,13,5,94623992,68282386,True,2019-03-24,1
29,West US,West US Store 78,2019-02-04,Electronics,Computers,10,200,15782567,59639046,True,2019-02-04,1
30,West US,West US Store 78,2019-06-18,Beauty/Health,Fragrances,23,6,99445806,33709026,False,2019-06-18,1
31,West US,West US Store 78,2019-04-13,Beauty/Health,Haircare,15,15,33633835,76493559,True,2019-02-27,2
32,West US,West US Store 78,2019-02-10,Beauty/Health,Oral care,10,10,85647144,27226521,False,2019-01-09,2
33,West US,West US Store 78,2019-05-11,Baby,Car seats,23,30,38218515,85136899,True,2019-02-18,2
34,West US,West US Store 78,2019-07-03,Furniture,Indoor tables,29,40,20797264,64392883,True,2019-07-03,1
35,West US,West US Store 78,2019-04-08,Electronics,Televisions,15,200,82197007,85569066,True,2019-06-27,2
36,West US,West US Store 78,2019-07-28,Clothing,Kids,27,13,60955108,60503380,True,2019-07-28,1
37,West US,West US Store 78,2019-05-29,Electronics,Headphones,18,200,38484591,4753837,False,2019-06-12,2
38,West US,West US Store 78,2019-05-10,Furniture,Patio furniture,22,100,97764860,42784533,True,2019-05-10,1
39,West US,West US Store 78,2019-02-04,Furniture,Indoor seating,10,30,37613277,51427873,True,2019-02-04,1
40,West US,West US Store 78,2019-05-13,Beauty/Health,Bath,22,6,41131071,31116024,False,2019-05-13,1
41,West US,West US Store 78,2019-01-08,Baby,Strollers,6,15,75840458,37166362,False,2019-01-08,1
42,West US,West US Store 78,2019-03-24,Electronics,Tablets,12,100,76345527,50563539,True,2019-03-24,1
43,West US,West US Store 78,2019-01-24,Clothing,Shoes,7,25,80188481,9939841,False,2019-08-03,2
44,West US,West US Store 78,2019-02-13,Electronics,Computers,10,200,42225039,40623698,True,2019-02-13,1
45,West US,West US Store 78,2019-06-19,Beauty/Health,Makeup,27,10,29648967,7779006,False,2019-06-19,1
46,West US,West US Store 78,2019-01-16,Baby,Baby toys,8,30,26779839,36734195,False,2019-01-16,1
47,West US,West US Store 78,2019-08-10,Furniture,Pool furniture,29,75,79624725,71739722,True,2019-08-10,1
48,West US,West US Store 78,2019-06-06,Electronics,Tablets,21,100,16938213,54020875,True,2019-06-06,1
49,West US,West US Store 78,2019-06-26,Electronics,Speakers,21,300,50472891,26362187,False,2019-03-10,2
50,West US,West US Store 78,2019-08-11,Baby,Car seats,30,30,28120059,18151014,False,2019-08-11,1
51,West US,West US Store 78,2019-08-05,Furniture,Indoor tables,32,40,53671888,26362187,False,2019-03-10,3
52,West US,West US Store 78,2019-02-01,Furniture,Pool furniture,11,100,83584391,56181710,True,2019-02-01,1
53,West US,West US Store 78,2019-05-26,Furniture,Beds,20,75,44174701,36302028,False,2019-05-26,1
54,West US,West US Store 78,2019-07-14,Beauty/Health,Skincare,28,10,91508282,87729901,True,2019-07-14,1
55,West US,West US Store 78,2019-06-14,Beauty/Health,Skincare,27,6,54891376,80815229,True,2019-06-14,1
56,West US,West US Store 78,2019-08-05,Beauty/Health,Fragrances,31,10,78083612,89890736,True,2019-08-05,1
57,West US,West US Store 78,2019-05-24,Electronics,Tablets,19,100,86143264,51427873,True,2019-02-04,2
58,West US,West US Store 78,2019-07-20,Furniture,Pool furniture,30,75,76898107,19879682,False,2019-07-20,1
59,West US,West US Store 78,2019-07-12,Beauty/Health,Makeup,29,10,64094921,21176183,False,2019-07-12,1
60,West US,West US Store 78,2019-06-25,Baby,Diapers,25,10,32849559,57910378,True,2019-06-25,1
61,West US,West US Store 78,2019-04-20,Furniture,Indoor tables,17,30,94982811,20744016,False,2019-04-20,1
62,West US,West US Store 78,2019-03-31,Electronics,Computers,13,200,65328063,35005527,False,2019-03-31,1
63,West US,West US Store 78,2019-05-22,Furniture,Pool furniture,20,30,52963586,32412525,False,2019-05-22,1
64,West US,West US Store 78,2019-02-11,Furniture,Beds,9,15,30345820,67418052,True,2019-02-11,1
65,West US,West US Store 78,2019-05-14,Baby,Baby toys,23,30,57973679,50995706,True,2019-05-14,1
66,West US,West US Store 78,2019-01-31,Baby,Cribs,8,30,97188520,47106203,True,2019-01-31,1
67,West US,West US Store 78,2019-03-25,Clothing,Shoes,13,10,86290434,44945368,True,2019-03-25,1
68,West US,West US Store 78,2019-01-06,Furniture,Indoor tables,6,75,71514402,18151014,False,2019-08-11,2
69,West US,West US Store 78,2019-07-16,Beauty/Health,Fragrances,26,14,52084782,9507674,False,2019-07-16,1
70,West US,West US Store 78,2019-05-12,Clothing,Shoes,24,13,30240505,45377535,True,2019-05-12,1
71,West US,West US Store 78,2019-02-11,Furniture,Pool furniture,11,15,29709598,34141193,False,2019-02-11,1
72,West US,West US Store 78,2019-01-21,Beauty/Health,Fragrances,7,14,39707768,39759364,True,2019-01-21,1
73,West US,West US Store 78,2019-03-03,Clothing,Kids,13,25,28919901,21176183,False,2019-07-12,2
74,West US,West US Store 78,2019-02-04,Electronics,Headphones,9,200,48617498,37166362,False,2019-01-08,2
75,West US,West US Store 78,2019-04-19,Furniture,Patio furniture,17,30,88652209,46241869,True,2019-04-19,1
76,West US,West US Store 78,2019-02-03,Furniture,Pool furniture,10,40,39673438,53588708,True,2019-02-03,1
77,West US,West US Store 78,2019-04-17,Furniture,Indoor seating,15,100,62179405,55749543,True,2019-04-17,1
78,West US,West US Store 78,2019-05-10,Baby,Diaper bags,20,30,89436517,54453042,True,2019-05-10,1
79,West US,West US Store 78,2019-03-18,Furniture,Patio furniture,12,75,13898068,62664215,True,2019-03-18,1
80,West US,West US Store 78,2019-06-05,Furniture,Indoor seating,23,15,54645884,40191531,True,2019-06-05,1
81,West US,West US Store 78,2019-05-14,Baby,Strollers,23,30,37625509,43648867,True,2019-05-14,1
82,West US,West US Store 78,2019-06-03,Electronics,Televisions,21,50,40525895,83408231,True,2019-06-03,1
83,West US,West US Store 78,2019-07-15,Beauty/Health,Haircare,26,10,55750224,79086561,True,2019-07-15,1
84,West US,West US Store 78,2019-03-22,Baby,Diapers,14,12,15872496,42784533,True,2019-05-10,2
85,West US,West US Store 78,2019-07-23,Electronics,Tablets,25,100,52219640,47970537,True,2019-02-25,2
86,West US,West US Store 78,2019-08-03,Baby,Strollers,33,30,66967211,61367714,True,2019-04-19,2
87,West US,West US Store 78,2019-01-27,Clothing,Mens,6,12,33803902,10804175,False,2019-01-27,1
88,West US,West US Store 78,2019-01-09,Furniture,Indoor tables,7,40,22781529,45377535,True,2019-05-12,2
89,West US,West US Store 78,2019-05-18,Clothing,Baby,22,25,76890417,63960716,True,2019-05-18,1
90,West US,West US Store 78,2019-04-22,Electronics,Speakers,15,50,23856554,46241869,True,2019-04-19,2
91,West US,West US Store 78,2019-02-13,Furniture,Indoor seating,10,100,78527129,58774712,True,2019-02-13,1
92,West US,West US Store 78,2019-04-29,Baby,Strollers,17,12,57798211,66553718,True,2019-04-29,1
93,West US,West US Store 78,2019-04-27,Baby,Cribs,18,5,93160812,55317376,True,2019-04-27,1
94,West US,West US Store 78,2019-02-24,Furniture,Pool furniture,10,15,74153624,9507674,False,2019-07-16,2
95,West US,West US Store 78,2019-01-15,Beauty/Health,Oral care,8,10,96569913,74332724,True,2019-01-15,1
96,West US,West US Store 78,2019-08-08,Baby,Baby toys,33,5,13800348,76061392,True,2019-08-08,1
97,West US,West US Store 78,2019-01-23,Baby,Cribs,8,10,34308221,47106203,True,2019-01-31,2
98,West US,West US Store 78,2019-05-21,Furniture,Indoor tables,20,100,32291768,49267038,True,2019-05-21,1
99,West US,West US Store 78,2019-06-04,Baby,Diapers,26,30,83835752,13829344,False,2019-06-04,1
100,West US,West US Store 78,2019-02-24,Furniture,Beds,9,30,74171589,9507674,False,2019-07-16,3
101,West US,West US Store 78,2019-07-05,Clothing,Womens,29,20,31406891,59206879,True,2019-08-12,2
102,West US,West US Store 78,2019-08-06,Baby,Diapers,29,30,47409591,48402704,True,2019-08-06,1
103,West US,West US Store 78,2019-08-05,Furniture,Pool furniture,31,30,19305001,54020875,True,2019-06-06,2
104,West US,West US Store 78,2019-07-27,Beauty/Health,Makeup,26,10,46462985,23769185,False,2019-07-27,1
105,West US,West US Store 78,2019-01-13,Beauty/Health,Skincare,7,15,72029281,63960716,True,2019-05-18,2
106,West US,West US Store 78,2019-06-29,Baby,Baby toys,24,30,86034230,3889503,False,2019-06-29,1
107,West US,West US Store 78,2019-05-08,Clothing,Baby,21,12,25406116,4321670,False,2019-05-08,1
108,West US,West US Store 78,2019-07-31,Baby,Car seats,30,30,90101304,54453042,True,2019-05-10,2
109,West US,West US Store 78,2019-05-03,Baby,Strollers,23,30,92905823,81679563,True,2019-05-03,1
110,West US,West US Store 78,2019-04-12,Beauty/Health,Haircare,16,10,29610901,84704732,True,2019-01-19,2
111,West US,West US Store 78,2019-07-08,Furniture,Pool furniture,29,15,78053329,36734195,False,2019-01-16,2
112,West US,West US Store 78,2019-07-19,Baby,Baby toys,30,15,48488565,63528549,True,2019-07-19,1
113,West US,West US Store 78,2019-07-10,Furniture,Patio furniture,29,40,61304902,35869861,False,2019-07-31,2
114,West US,West US Store 78,2019-07-08,Clothing,Mens,26,25,89177694,41055865,True,2019-07-08,1
115,West US,West US Store 78,2019-02-23,Clothing,Shoes,11,13,35847310,83408231,True,2019-06-03,2
116,West US,West US Store 78,2019-05-22,Beauty/Health,Oral care,23,10,27747666,41920199,True,2019-05-22,1
117,West US,West US Store 78,2019-03-18,Furniture,Indoor seating,12,30,51845632,4321670,False,2019-05-08,2
118,West US,West US Store 78,2019-03-11,Clothing,Womens,13,10,22284860,7779006,False,2019-06-19,2
119,West US,West US Store 78,2019-03-02,Beauty/Health,Skincare,14,10,87270258,69578887,True,2019-03-02,1
120,West US,West US Store 78,2019-04-26,Baby,Cribs,18,5,99895315,52724374,True,2019-04-26,1
121,West US,West US Store 78,2019-06-05,Furniture,Pool furniture,25,100,67259921,38462863,False,2019-06-05,1
122,West US,West US Store 78,2019-01-19,Baby,Car seats,7,15,44116971,45377535,True,2019-05-12,3
123,West US,West US Store 78,2019-05-10,Beauty/Health,Feminine Products,21,14,91509590,24633519,False,2019-05-10,1
124,West US,West US Store 78,2019-04-10,Beauty/Health,Fragrances,17,6,18113696,62232048,True,2019-04-10,1
125,West US,West US Store 78,2019-01-26,Electronics,Televisions,6,100,89394408,22472684,False,2019-01-26,1
126,West US,West US Store 78,2019-08-07,Baby,Car seats,33,5,83089922,27658688,False,2019-08-07,1
127,West US,West US Store 78,2019-04-05,Clothing,Womens,17,12,22683367,75197058,True,2019-04-05,1
128,West US,West US Store 78,2019-01-03,Furniture,Indoor tables,6,75,34853736,33276859,False,2019-01-03,1
129,West US,West US Store 78,2019-05-01,Clothing,Swimwear,22,25,51461495,11668509,False,2019-05-01,1
130,West US,West US Store 78,2019-03-06,Baby,Cribs,14,12,57509051,52724374,True,2019-04-26,2
131,West US,West US Store 78,2019-03-07,Baby,Baby toys,14,30,82235374,28955189,False,2019-03-07,1
132,West US,West US Store 78,2019-04-03,Furniture,Patio furniture,16,15,38844475,32412525,False,2019-05-22,2
133,West US,West US Store 78,2019-04-14,Beauty/Health,Oral care,15,10,50491634,16854513,False,2019-04-14,1
134,West US,West US Store 78,2019-04-21,Baby,Car seats,15,10,30886032,88162068,True,2019-04-21,1
135,West US,West US Store 78,2019-04-19,Electronics,Cell Phones,16,200,17987778,86433400,True,2019-04-19,1
136,West US,West US Store 78,2019-08-07,Furniture,Pool furniture,30,30,64017836,62664215,True,2019-03-18,2
137,West US,West US Store 78,2019-08-04,Beauty/Health,Makeup,33,10,83328212,54885209,True,2019-08-04,1
138,West US,West US Store 78,2019-01-15,Beauty/Health,Skincare,8,10,36308889,31548191,False,2019-01-15,1
139,West US,West US Store 78,2019-05-14,Furniture,Patio furniture,21,40,10446199,75629225,True,2019-05-14,1
140,West US,West US Store 78,2019-08-15,Furniture,Indoor seating,32,75,89648762,75197058,True,2019-04-05,2
141,West US,West US Store 78,2019-07-24,Electronics,Speakers,25,50,90692405,42352366,True,2019-07-24,1
142,West US,West US Store 78,2019-04-01,Electronics,Televisions,15,50,49812465,75629225,True,2019-05-14,2
143,West US,West US Store 78,2019-07-13,Clothing,Baby,26,25,21957752,66553718,True,2019-04-29,2
144,West US,West US Store 78,2019-02-17,Beauty/Health,Fragrances,9,10,52203343,86001233,True,2019-02-17,1
145,West US,West US Store 78,2019-06-23,Clothing,Kids,25,25,41694908,22040517,False,2019-06-23,1
146,West US,West US Store 78,2019-05-14,Furniture,Indoor seating,22,100,62553526,28955189,False,2019-03-07,2
147,West US,West US Store 78,2019-06-02,Beauty/Health,Feminine Products,27,10,77059743,34573360,False,2019-06-02,1
148,West US,West US Store 78,2019-08-14,Furniture,Indoor tables,33,30,32291315,22040517,False,2019-06-23,2
149,West US,West US Store 78,2019-02-08,Baby,Strollers,10,5,38580695,66121551,True,2019-02-08,1
150,West US,West US Store 78,2019-04-11,Clothing,Kids,16,10,43720222,51860040,True,2019-04-11,1
151,West US,West US Store 78,2019-06-09,Beauty/Health,Oral care,26,10,26279257,44945368,True,2019-03-25,2
152,West US,West US Store 78,2019-04-03,Baby,Baby toys,17,10,14968375,67418052,True,2019-02-11,2
153,West US,West US Store 78,2019-08-10,Furniture,Pool furniture,31,40,67315049,44513201,True,2019-08-10,1
154,West US,West US Store 78,2019-02-17,Baby,Cribs,11,10,82217320,28955189,False,2019-03-07,3
155,West US,West US Store 78,2019-06-28,Clothing,Shoes,27,20,41910034,45377535,True,2019-05-12,4
156,West US,West US Store 78,2019-01-15,Beauty/Health,Fragrances,8,10,84691810,18151014,False,2019-08-11,3
157,West US,West US Store 78,2019-01-07,Electronics,Tablets,6,200,76555433,66121551,True,2019-02-08,2
158,West US,West US Store 78,2019-04-06,Baby,Cribs,17,12,35746725,79950895,True,2019-04-06,1
159,West US,West US Store 78,2019-07-07,Clothing,Womens,26,10,24145746,46674036,True,2019-07-07,1
160,West US,West US Store 78,2019-07-26,Beauty/Health,Oral care,30,10,98907123,18151014,False,2019-08-11,4
161,West US,West US Store 78,2019-06-30,Baby,Diaper bags,25,30,85469855,12532843,False,2019-06-30,1
162,West US,West US Store 78,2019-02-26,Baby,Diaper bags,9,15,71481795,15558012,False,2019-02-26,1
163,West US,West US Store 78,2019-07-18,Electronics,Televisions,25,300,46214035,81247396,True,2019-07-18,1
164,West US,West US Store 78,2019-05-16,Clothing,Kids,24,12,33358485,50995706,True,2019-05-14,2
165,West US,West US Store 78,2019-05-18,Clothing,Kids,22,20,11261601,49267038,True,2019-05-21,2
166,West US,West US Store 78,2019-07-16,Clothing,Mens,26,12,72323636,69578887,True,2019-03-02,2
167,West US,West US Store 78,2019-02-02,Electronics,Cell Phones,9,100,53062682,73468390,True,2019-02-02,1
168,West US,West US Store 78,2019-06-10,Baby,Diaper bags,24,12,81844232,43216700,True,2019-06-10,1
169,West US,West US Store 78,2019-07-17,Electronics,Televisions,25,50,68032213,82111730,True,2019-07-17,1
170,West US,West US Store 78,2019-02-24,Electronics,Speakers,10,200,28140349,52292207,True,2019-02-24,1
171,West US,West US Store 78,2019-04-20,Beauty/Health,Makeup,15,14,65873676,36302028,False,2019-05-26,2
172,West US,West US Store 78,2019-04-11,Electronics,Speakers,15,50,12815306,31548191,False,2019-01-15,2
173,West US,West US Store 78,2019-05-15,Baby,Strollers,22,10,29126270,73468390,True,2019-02-02,2
174,West US,West US Store 78,2019-08-15,Electronics,Headphones,27,50,35833558,88162068,True,2019-04-21,2
175,West US,West US Store 78,2019-03-28,Baby,Cribs,12,30,16777885,62664215,True,2019-03-18,3
176,West US,West US Store 78,2019-05-15,Baby,Cribs,20,30,42941324,38462863,False,2019-06-05,2
177,West US,West US Store 78,2019-06-26,Electronics,Tablets,22,200,32937337,28955189,False,2019-03-07,4
178,West US,West US Store 78,2019-06-29,Clothing,Kids,27,12,76091645,14261511,False,2019-06-29,1
179,West US,West US Store 78,2019-02-25,Beauty/Health,Feminine Products,10,10,66481990,67850219,True,2019-02-25,1
180,West US,West US Store 78,2019-05-12,Baby,Cribs,24,30,49369086,57910378,True,2019-06-25,2
181,West US,West US Store 78,2019-02-19,Electronics,Computers,9,100,98156101,16422346,False,2019-02-19,1
182,West US,West US Store 78,2019-03-25,Baby,Diapers,14,5,46733694,64392883,True,2019-07-03,2
183,West US,West US Store 78,2019-03-16,Clothing,Mens,14,25,72438437,75629225,True,2019-05-14,3
184,West US,West US Store 78,2019-08-06,Clothing,Womens,31,13,77921864,87729901,True,2019-07-14,2
185,West US,West US Store 78,2019-02-25,Beauty/Health,Makeup,10,10,39751538,73468390,True,2019-02-02,3
186,West US,West US Store 78,2019-03-03,Electronics,Cell Phones,13,300,51505723,85569066,True,2019-06-27,3
187,West US,West US Store 78,2019-07-25,Baby,Baby toys,27,30,87957659,42784533,True,2019-05-10,3
188,West US,West US Store 78,2019-02-07,Baby,Diaper bags,11,12,19591973,48402704,True,2019-08-06,2
189,West US,West US Store 78,2019-04-21,Furniture,Beds,17,30,25634603,75197058,True,2019-04-05,3
190,West US,West US Store 78,2019-08-07,Clothing,Shoes,32,10,74831508,32844692,False,2019-08-07,1
191,West US,West US Store 78,2019-07-07,Electronics,Speakers,25,50,22111060,17718847,False,2019-07-07,1
192,West US,West US Store 78,2019-02-16,Furniture,Indoor tables,11,40,93590625,78654394,True,2019-02-16,1
193,West US,West US Store 78,2019-02-24,Electronics,Computers,9,300,86681123,65689384,True,2019-02-24,1
194,West US,West US Store 78,2019-02-21,Baby,Strollers,11,5,57302098,69578887,True,2019-03-02,3
195,West US,West US Store 78,2019-02-22,Baby,Car seats,10,10,59914744,76493559,True,2019-02-27,3
196,West US,West US Store 78,2019-02-26,Clothing,Womens,10,13,50872745,5618171,False,2019-02-26,1
197,West US,West US Store 78,2019-01-05,Clothing,Baby,8,12,76711427,44513201,True,2019-08-10,2
198,West US,West US Store 78,2019-02-04,Electronics,Cell Phones,9,50,22963483,26794354,False,2019-02-04,1
199,West US,West US Store 78,2019-01-09,Beauty/Health,Oral care,8,10,92324679,46241869,True,2019-04-19,3
200,West US,West US Store 78,2019-05-17,Clothing,Mens,24,12,13440322,9507674,False,2019-07-16,4
201,West US,West US Store 78,2019-02-26,Beauty/Health,Makeup,11,10,14380046,14693678,False,2019-02-26,1
202,West US,West US Store 78,2019-07-22,Electronics,Cell Phones,25,100,32608587,37166362,False,2019-01-08,3
203,West US,West US Store 78,2019-04-01,Furniture,Indoor seating,16,100,28912502,38030696,False,2019-04-01,1
204,West US,West US Store 78,2019-06-24,Electronics,Tablets,22,100,26521155,64392883,True,2019-07-03,3
205,West US,West US Store 78,2019-05-28,Clothing,Womens,22,13,49036148,11236342,False,2019-05-28,1
206,West US,West US Store 78,2019-08-10,Baby,Diapers,30,30,56143997,4321670,False,2019-05-08,3
207,West US,West US Store 78,2019-01-12,Clothing,Womens,7,20,13998907,44513201,True,2019-08-10,3
208,West US,West US Store 78,2019-01-08,Beauty/Health,Makeup,6,10,98554934,38462863,False,2019-06-05,3
209,West US,West US Store 78,2019-03-17,Baby,Cribs,12,12,81129081,58774712,True,2019-02-13,2
210,West US,West US Store 78,2019-04-18,Beauty/Health,Makeup,16,6,85425851,33276859,False,2019-01-03,2
211,West US,West US Store 78,2019-05-31,Clothing,Shoes,24,12,15386883,65689384,True,2019-02-24,2
212,West US,West US Store 78,2019-07-30,Furniture,Patio furniture,28,15,84824590,31116024,False,2019-05-13,2
213,West US,West US Store 78,2019-04-25,Clothing,Kids,19,10,68311229,61367714,True,2019-04-19,3
214,West US,West US Store 78,2019-04-30,Clothing,Kids,21,12,91981165,50563539,True,2019-03-24,2
215,West US,West US Store 78,2019-07-18,Beauty/Health,Skincare,29,14,19035375,54453042,True,2019-05-10,3
216,West US,West US Store 78,2019-05-19,Beauty/Health,Makeup,24,10,69999281,85136899,True,2019-02-18,3
217,West US,West US Store 78,2019-06-24,Furniture,Beds,27,100,30260950,35437694,False,2019-06-24,1
218,West US,West US Store 78,2019-01-09,Clothing,Mens,7,13,35028220,84704732,True,2019-01-19,3
219,West US,West US Store 78,2019-03-08,Baby,Strollers,12,15,34010408,85136899,True,2019-02-18,4
220,West US,West US Store 78,2019-06-24,Baby,Cribs,26,5,97512589,35869861,False,2019-07-31,3
221,West US,West US Store 78,2019-03-02,Electronics,Computers,12,50,71633854,33709026,False,2019-06-18,2
222,West US,West US Store 78,2019-01-07,Clothing,Swimwear,7,25,43336489,36734195,False,2019-01-16,3
223,West US,West US Store 78,2019-01-21,Beauty/Health,Makeup,7,10,19776532,72171889,True,2019-01-21,1
224,West US,West US Store 78,2019-06-25,Clothing,Shoes,24,13,74905881,85136899,True,2019-02-18,5
225,West US,West US Store 78,2019-08-07,Clothing,Kids,31,13,95423425,79086561,True,2019-07-15,2
226,West US,West US Store 78,2019-03-24,Beauty/Health,Haircare,14,10,67202153,52724374,True,2019-04-26,3
227,West US,West US Store 78,2019-04-23,Electronics,Computers,16,100,55570391,71307555,True,2019-02-01,2
228,West US,West US Store 78,2019-07-27,Baby,Car seats,27,15,98098356,33276859,False,2019-01-03,3
229,West US,West US Store 78,2019-07-04,Electronics,Speakers,25,50,75930027,85136899,True,2019-02-18,6
230,West US,West US Store 78,2019-07-31,Clothing,Kids,29,12,41035899,35005527,False,2019-03-31,2
231,West US,West US Store 78,2019-04-24,Clothing,Shoes,19,10,65251908,69578887,True,2019-03-02,4
232,West US,West US Store 78,2019-06-07,Electronics,Televisions,21,100,62080709,27658688,False,2019-08-07,2
233,West US,West US Store 78,2019-04-23,Clothing,Kids,16,20,86442073,19015348,False,2019-04-23,1
234,West US,West US Store 78,2019-04-18,Beauty/Health,Bath,17,15,25365502,28090855,False,2019-04-18,1
235,West US,West US Store 78,2019-04-26,Clothing,Mens,20,25,18421830,77357893,True,2019-04-26,1
236,West US,West US Store 78,2019-01-16,Furniture,Patio furniture,7,40,29183270,83408231,True,2019-06-03,3
237,West US,West US Store 78,2019-07-30,Baby,Baby toys,27,10,42992858,61367714,True,2019-04-19,4
238,West US,West US Store 78,2019-03-26,Clothing,Kids,14,20,41252688,4753837,False,2019-06-12,3
239,West US,West US Store 78,2019-04-18,Electronics,Televisions,15,50,20918957,48834871,True,2019-04-18,1
240,West US,West US Store 78,2019-05-14,Furniture,Beds,20,75,68900571,30251690,False,2019-05-14,1
241,West US,West US Store 78,2019-05-24,Beauty/Health,Oral care,23,14,15078947,82111730,True,2019-07-17,2
242,West US,West US Store 78,2019-03-16,Furniture,Beds,13,30,10161736,39759364,True,2019-01-21,2
243,West US,West US Store 78,2019-02-07,Beauty/Health,Haircare,11,6,47664694,81679563,True,2019-05-03,2
244,West US,West US Store 78,2019-08-01,Electronics,Headphones,28,50,21880720,5618171,False,2019-02-26,2
245,West US,West US Store 78,2019-01-06,Beauty/Health,Haircare,7,10,86633861,60503380,True,2019-07-28,2
246,West US,West US Store 78,2019-04-12,Furniture,Indoor seating,15,75,19878958,75629225,True,2019-05-14,4
247,West US,West US Store 78,2019-08-11,Furniture,Beds,30,40,16128227,68282386,True,2019-03-24,2
248,West US,West US Store 78,2019-06-03,Clothing,Baby,25,13,29368828,54020875,True,2019-06-06,3
249,West US,West US Store 78,2019-03-20,Furniture,Indoor seating,13,100,23877848,21608350,False,2019-03-20,1
250,West US,West US Store 78,2019-07-21,Electronics,Speakers,25,300,68625834,78222227,True,2019-01-01,2
251,West US,West US Store 78,2019-01-23,Beauty/Health,Fragrances,8,15,99654247,11668509,False,2019-05-01,2
252,West US,West US Store 78,2019-04-26,Furniture,Pool furniture,20,75,50802997,30683857,False,2019-06-16,2
253,West US,West US Store 78,2019-01-28,Electronics,Televisions,7,200,14157976,18583181,False,2019-01-28,1
254,West US,West US Store 78,2019-07-14,Baby,Cribs,26,12,53121802,73900557,True,2019-07-14,1
255,West US,West US Store 78,2019-04-23,Electronics,Speakers,16,200,55929945,81247396,True,2019-07-18,2
256,West US,West US Store 78,2019-03-18,Electronics,Tablets,13,50,99402373,76925726,True,2019-03-18,1
257,West US,West US Store 78,2019-03-27,Baby,Cribs,12,30,95627895,58342545,True,2019-04-09,2
258,West US,West US Store 78,2019-05-26,Furniture,Indoor seating,22,40,81029894,15990179,False,2019-05-26,1
259,West US,West US Store 78,2019-04-13,Furniture,Patio furniture,16,15,39735716,63960716,True,2019-05-18,3
260,West US,West US Store 78,2019-05-22,Baby,Cribs,20,30,81115250,82976064,True,2019-03-18,2
261,West US,West US Store 78,2019-02-03,Clothing,Baby,11,25,80157641,67418052,True,2019-02-11,3
262,West US,West US Store 78,2019-07-13,Electronics,Speakers,25,200,96662045,80815229,True,2019-06-14,2
263,West US,West US Store 78,2019-05-11,Furniture,Beds,24,75,91613104,74332724,True,2019-01-15,2
264,West US,West US Store 78,2019-03-15,Electronics,Tablets,12,100,79095345,59206879,True,2019-08-12,3
265,West US,West US Store 78,2019-08-06,Baby,Diapers,29,30,64535276,77357893,True,2019-04-26,2
266,West US,West US Store 78,2019-06-12,Beauty/Health,Makeup,25,15,22243762,17286680,False,2019-06-12,1
267,West US,West US Store 78,2019-01-03,Clothing,Mens,7,20,22036133,62664215,True,2019-03-18,4
268,West US,West US Store 78,2019-04-27,Beauty/Health,Oral care,20,10,85068508,28955189,False,2019-03-07,5
269,West US,West US Store 78,2019-06-04,Beauty/Health,Makeup,25,6,52008037,28523022,False,2019-06-04,1
270,West US,West US Store 78,2019-06-10,Furniture,Pool furniture,25,40,90442197,73900557,True,2019-07-14,2
271,West US,West US Store 78,2019-01-13,Baby,Diapers,7,15,52225847,27226521,False,2019-01-09,3
272,West US,West US Store 78,2019-06-23,Furniture,Indoor seating,25,75,33279308,4753837,False,2019-06-12,4
273,West US,West US Store 78,2019-05-30,Electronics,Speakers,19,50,13705173,18583181,False,2019-01-28,2
274,West US,West US Store 78,2019-05-06,Furniture,Indoor seating,20,30,80862596,88162068,True,2019-04-21,3
275,West US,West US Store 78,2019-01-28,Electronics,Tablets,6,300,36832699,35437694,False,2019-06-24,2
276,West US,West US Store 78,2019-06-06,Clothing,Swimwear,23,20,27107577,75197058,True,2019-04-05,4
277,West US,West US Store 78,2019-05-20,Clothing,Mens,20,25,86289582,84704732,True,2019-01-19,4
278,West US,West US Store 78,2019-01-11,Beauty/Health,Skincare,8,10,17058386,82111730,True,2019-07-17,3
279,West US,West US Store 78,2019-03-29,Furniture,Indoor tables,13,100,63757181,28955189,False,2019-03-07,6
280,West US,West US Store 78,2019-05-16,Baby,Strollers,23,12,32649194,24201352,False,2019-05-16,1
281,West US,West US Store 78,2019-05-18,Furniture,Patio furniture,22,100,80950484,7346839,False,2019-05-18,1
282,West US,West US Store 78,2019-05-18,Furniture,Pool furniture,23,30,90374616,77790060,True,2019-05-18,1
283,West US,West US Store 78,2019-06-27,Beauty/Health,Makeup,25,10,61272432,85136899,True,2019-02-18,7
284,West US,West US Store 78,2019-02-25,Baby,Diaper bags,10,15,87745361,72604056,True,2019-05-08,2
285,West US,West US Store 78,2019-02-20,Furniture,Indoor seating,11,100,78179284,46241869,True,2019-04-19,4
286,West US,West US Store 78,2019-02-20,Beauty/Health,Makeup,10,10,49985422,60071213,True,2019-02-20,1
287,West US,West US Store 78,2019-06-16,Electronics,Televisions,22,200,28680615,50563539,True,2019-03-24,3
288,West US,West US Store 78,2019-06-24,Beauty/Health,Haircare,27,10,15860837,6482505,False,2019-06-24,1
289,West US,West US Store 78,2019-08-01,Electronics,Headphones,27,200,29018926,54453042,True,2019-05-10,4
290,West US,West US Store 78,2019-04-01,Electronics,Speakers,16,100,84872065,28523022,False,2019-06-04,2
291,West US,West US Store 78,2019-04-12,Beauty/Health,Bath,16,10,97148204,44081034,True,2019-04-12,1
292,West US,West US Store 78,2019-01-01,Electronics,Computers,6,300,40344635,86001233,True,2019-02-17,2
293,West US,West US Store 78,2019-06-21,Beauty/Health,Fragrances,24,10,82878880,18151014,False,2019-08-11,5
294,West US,West US Store 78,2019-01-13,Clothing,Womens,8,10,77737375,26362187,False,2019-03-10,4
295,West US,West US Store 78,2019-03-28,Clothing,Kids,13,25,57559399,35869861,False,2019-07-31,4
296,West US,West US Store 78,2019-07-23,Baby,Strollers,30,30,59150981,81247396,True,2019-07-18,3
297,West US,West US Store 78,2019-05-28,Furniture,Pool furniture,21,15,29872732,82976064,True,2019-03-18,3
298,West US,West US Store 78,2019-08-14,Electronics,Speakers,27,100,29714783,86001233,True,2019-02-17,3
299,West US,West US Store 78,2019-08-10,Clothing,Swimwear,33,25,91986289,31980358,False,2019-08-10,1
300,West US,West US Store 78,2019-03-09,Baby,Baby toys,14,15,25148287,60503380,True,2019-07-28,3
301,West US,West US Store 78,2019-05-27,Furniture,Beds,23,100,21728217,74764891,True,2019-05-27,1
302,West US,West US Store 78,2019-04-19,Clothing,Mens,17,12,96680591,3025169,False,2019-04-19,1
303,West US,West US Store 78,2019-02-07,Clothing,Shoes,9,12,96019297,66985885,True,2019-02-07,1
304,West US,West US Store 78,2019-05-16,Clothing,Womens,22,13,90506979,75629225,True,2019-05-14,5
305,West US,West US Store 78,2019-05-24,Baby,Baby toys,24,30,44770281,44513201,True,2019-08-10,4
306,West US,West US Store 78,2019-06-10,Furniture,Pool furniture,23,100,55330603,76925726,True,2019-03-18,2
307,West US,West US Store 78,2019-07-16,Furniture,Indoor tables,30,30,88089449,13829344,False,2019-06-04,2
308,West US,West US Store 78,2019-08-09,Electronics,Computers,28,200,41634213,61799881,True,2019-01-16,3
309,West US,West US Store 78,2019-03-27,Electronics,Cell Phones,13,200,98403926,41920199,True,2019-05-22,2
310,West US,West US Store 78,2019-01-10,Beauty/Health,Makeup,7,15,58268598,39327197,True,2019-01-10,1
311,West US,West US Store 78,2019-05-03,Clothing,Swimwear,20,10,54791269,68714553,True,2019-05-03,1
312,West US,West US Store 78,2019-04-15,Electronics,Headphones,15,50,44715666,47970537,True,2019-02-25,3
313,West US,West US Store 78,2019-06-29,Furniture,Pool furniture,24,30,66717399,82976064,True,2019-03-18,4
314,West US,West US Store 78,2019-01-20,Baby,Diapers,6,5,73464081,72171889,True,2019-01-21,2
315,West US,West US Store 78,2019-01-07,Beauty/Health,Skincare,8,10,37152053,21176183,False,2019-07-12,3
316,West US,West US Store 78,2019-07-06,Beauty/Health,Haircare,28,14,53170406,52292207,True,2019-02-24,2
317,West US,West US Store 78,2019-06-26,Furniture,Pool furniture,25,100,18943388,60935547,True,2019-06-26,1
318,West US,West US Store 78,2019-07-07,Clothing,Womens,27,25,50466580,43216700,True,2019-06-10,2
319,West US,West US Store 78,2019-01-04,Furniture,Indoor tables,7,75,81444733,68282386,True,2019-03-24,3
320,West US,West US Store 78,2019-02-20,Beauty/Health,Oral care,9,10,86283709,72171889,True,2019-01-21,3
321,West US,West US Store 78,2019-08-12,Electronics,Tablets,28,100,11257499,61367714,True,2019-04-19,5
322,West US,West US Store 78,2019-04-24,Baby,Baby toys,20,30,51683210,38895030,True,2019-04-24,1
323,West US,West US Store 78,2019-07-06,Clothing,Shoes,29,25,58324071,60071213,True,2019-02-20,2
324,West US,West US Store 78,2019-01-31,Electronics,Cell Phones,6,300,60675264,7346839,False,2019-05-18,2
325,West US,West US Store 78,2019-02-16,Baby,Cribs,9,10,72877245,49699205,True,2019-02-16,1
326,West US,West US Store 78,2019-03-14,Furniture,Indoor tables,12,15,21040300,55749543,True,2019-04-17,2
327,West US,West US Store 78,2019-04-01,Clothing,Swimwear,17,13,57472379,14693678,False,2019-02-26,2
328,West US,West US Store 78,2019-06-07,Electronics,Televisions,21,300,62342296,57478211,True,2019-06-07,1
329,West US,West US Store 78,2019-07-14,Baby,Cribs,29,5,37483248,50131372,True,2019-07-14,1
330,West US,West US Store 78,2019-02-18,Clothing,Womens,11,13,97655969,4321670,False,2019-05-08,4
331,West US,West US Store 78,2019-02-03,Furniture,Indoor tables,11,75,75094196,71739722,True,2019-08-10,2
332,West US,West US Store 78,2019-04-26,Electronics,Cell Phones,16,100,39311321,64825050,True,2019-04-26,1
333,West US,West US Store 78,2019-02-20,Clothing,Baby,10,12,70746808,50563539,True,2019-03-24,4
334,West US,West US Store 78,2019-05-10,Baby,Cribs,21,30,88203809,79950895,True,2019-04-06,2
335,West US,West US Store 78,2019-04-06,Beauty/Health,Feminine Products,15,10,55463203,40623698,True,2019-02-13,2
336,West US,West US Store 78,2019-05-17,Electronics,Speakers,19,200,55371785,80383062,True,2019-05-17,1
337,West US,West US Store 78,2019-06-06,Beauty/Health,Oral care,25,10,77656376,35869861,False,2019-07-31,5
338,West US,West US Store 78,2019-06-06,Electronics,Headphones,21,200,96194849,29387356,False,2019-06-16,2
339,West US,West US Store 78,2019-01-15,Furniture,Pool furniture,7,15,71075625,47106203,True,2019-01-31,3
340,West US,West US Store 78,2019-02-19,Electronics,Televisions,9,50,99142094,25930020,False,2019-02-19,1
341,West US,West US Store 78,2019-03-06,Beauty/Health,Bath,14,10,19472472,39759364,True,2019-01-21,3
342,West US,West US Store 78,2019-02-11,Clothing,Kids,10,12,81098049,10804175,False,2019-01-27,2
343,West US,West US Store 78,2019-02-09,Beauty/Health,Oral care,9,6,42947475,32844692,False,2019-08-07,2
344,West US,West US Store 78,2019-03-23,Beauty/Health,Bath,13,14,66787448,53588708,True,2019-02-03,2
345,West US,West US Store 78,2019-02-08,Electronics,Televisions,10,200,77213234,32844692,False,2019-08-07,3
346,West US,West US Store 78,2019-08-14,Electronics,Cell Phones,27,200,62891916,75629225,True,2019-05-14,6
347,West US,West US Store 78,2019-05-05,Beauty/Health,Haircare,22,10,37822041,73036223,True,2019-02-10,2
348,West US,West US Store 78,2019-04-02,Baby,Baby toys,15,5,94215527,82543897,True,2019-04-02,1
349,West US,West US Store 78,2019-06-14,Beauty/Health,Haircare,26,10,50755617,76061392,True,2019-08-08,2
350,West US,West US Store 78,2019-05-25,Baby,Cribs,23,30,64903173,48834871,True,2019-04-18,2
351,West US,West US Store 78,2019-05-04,Clothing,Womens,20,10,42551147,24201352,False,2019-05-16,2
352,West US,West US Store 78,2019-07-07,Clothing,Kids,29,25,93122029,66985885,True,2019-02-07,2
353,West US,West US Store 78,2019-03-14,Beauty/Health,Skincare,13,10,24827494,76925726,True,2019-03-18,3
354,West US,West US Store 78,2019-05-14,Beauty/Health,Skincare,23,10,96153614,60071213,True,2019-02-20,3
355,West US,West US Store 78,2019-04-19,Furniture,Indoor seating,17,15,10903425,31116024,False,2019-05-13,3
356,West US,West US Store 78,2019-06-20,Furniture,Indoor tables,27,75,21975864,70875388,True,2019-06-20,1
357,West US,West US Store 78,2019-04-16,Electronics,Headphones,15,200,25349774,76493559,True,2019-02-27,4
358,West US,West US Store 78,2019-06-08,Furniture,Beds,23,30,81687328,47538370,True,2019-06-08,1
359,West US,West US Store 78,2019-02-27,Furniture,Pool furniture,11,15,15139840,70443221,True,2019-02-27,1
360,West US,West US Store 78,2019-05-14,Baby,Car seats,22,30,97016375,56613877,True,2019-05-14,1
361,West US,West US Store 78,2019-06-09,Furniture,Pool furniture,24,15,95212453,60071213,True,2019-02-20,4
362,West US,West US Store 78,2019-04-15,Furniture,Indoor tables,17,40,43779564,29387356,False,2019-06-16,3
363,West US,West US Store 78,2019-08-06,Baby,Car seats,33,5,26602176,35005527,False,2019-03-31,3
364,West US,West US Store 78,2019-01-12,Clothing,Kids,7,20,68995160,54020875,True,2019-06-06,4
365,West US,West US Store 78,2019-04-27,Beauty/Health,Feminine Products,19,10,10882168,83840398,True,2019-04-27,1
366,West US,West US Store 78,2019-02-21,Beauty/Health,Fragrances,10,10,21043482,64825050,True,2019-04-26,2
367,West US,West US Store 78,2019-03-05,Furniture,Indoor tables,13,100,29720903,77357893,True,2019-04-26,3
368,West US,West US Store 78,2019-02-12,Beauty/Health,Fragrances,9,14,28545960,39759364,True,2019-01-21,4
369,West US,West US Store 78,2019-08-13,Electronics,Computers,27,300,59664675,76925726,True,2019-03-18,4
370,West US,West US Store 78,2019-03-24,Electronics,Tablets,13,300,17291554,74764891,True,2019-05-27,2
371,West US,West US Store 78,2019-05-13,Clothing,Shoes,20,25,91369552,67850219,True,2019-02-25,2
372,West US,West US Store 78,2019-03-17,Electronics,Headphones,13,50,57923581,35437694,False,2019-06-24,3
373,West US,West US Store 78,2019-06-03,Beauty/Health,Oral care,27,10,93187645,50995706,True,2019-05-14,3
374,West US,West US Store 78,2019-01-03,Furniture,Beds,8,100,27860937,36302028,False,2019-05-26,3
375,West US,West US Store 78,2019-02-09,Electronics,Cell Phones,10,300,63262284,53156541,True,2019-02-09,1
376,West US,West US Store 78,2019-04-22,Furniture,Pool furniture,16,15,85945175,86865567,True,2019-04-22,1
377,West US,West US Store 78,2019-06-13,Electronics,Speakers,21,200,54188621,53588708,True,2019-02-03,3
378,West US,West US Store 78,2019-03-13,Electronics,Headphones,13,100,47125282,41920199,True,2019-05-22,3
379,West US,West US Store 78,2019-07-04,Furniture,Beds,26,100,81290821,19447515,False,2019-07-04,1
380,West US,West US Store 78,2019-07-29,Electronics,Computers,25,200,20141880,51860040,True,2019-04-11,2
381,West US,West US Store 78,2019-03-13,Baby,Strollers,14,12,26835050,67850219,True,2019-02-25,3
382,West US,West US Store 78,2019-05-06,Clothing,Mens,22,13,19231805,37598529,False,2019-05-06,1
383,West US,West US Store 78,2019-04-18,Beauty/Health,Fragrances,15,6,13215192,19015348,False,2019-04-23,2
384,West US,West US Store 78,2019-06-20,Baby,Baby toys,25,30,43994514,31980358,False,2019-08-10,2
385,West US,West US Store 78,2019-06-09,Furniture,Indoor seating,26,75,72420925,33709026,False,2019-06-18,3
386,West US,West US Store 78,2019-03-24,Clothing,Mens,12,25,39166559,85569066,True,2019-06-27,4
387,West US,West US Store 78,2019-04-07,Baby,Baby toys,15,30,49468033,33709026,False,2019-06-18,4
388,West US,West US Store 78,2019-03-06,Clothing,Swimwear,13,20,45787730,78222227,True,2019-01-01,3
389,West US,West US Store 78,2019-05-09,Clothing,Swimwear,21,20,19952561,8211173,False,2019-05-09,1
390,West US,West US Store 78,2019-05-04,Furniture,Indoor tables,21,40,68384684,10804175,False,2019-01-27,3
391,West US,West US Store 78,2019-02-22,Beauty/Health,Bath,10,10,66811629,70011054,True,2019-06-06,2
392,West US,West US Store 78,2019-06-21,Beauty/Health,Feminine Products,25,10,17698047,24633519,False,2019-05-10,2
393,West US,West US Store 78,2019-04-10,Beauty/Health,Makeup,17,14,63064024,20311849,False,2019-01-20,2
394,West US,West US Store 78,2019-04-03,Clothing,Womens,17,25,91834369,78222227,True,2019-01-01,4
395,West US,West US Store 78,2019-07-03,Beauty/Health,Oral care,30,6,82990007,85569066,True,2019-06-27,5
396,West US,West US Store 78,2019-06-07,Clothing,Swimwear,24,13,56342683,19879682,False,2019-07-20,2
397,West US,West US Store 78,2019-07-15,Beauty/Health,Skincare,29,14,84856351,83408231,True,2019-06-03,4
398,West US,West US Store 78,2019-01-21,Beauty/Health,Feminine Products,6,6,20674598,81247396,True,2019-07-18,4
399,West US,West US Store 78,2019-06-16,Electronics,Computers,22,300,29724421,54020875,True,2019-06-06,5
400,West US,West US Store 78,2019-05-09,Clothing,Swimwear,22,10,81640766,82976064,True,2019-03-18,5
401,West US,West US Store 78,2019-04-01,Furniture,Beds,17,100,80562500,35005527,False,2019-03-31,4
402,West US,West US Store 78,2019-03-01,Baby,Car seats,13,12,57663849,44081034,True,2019-04-12,2
403,West US,West US Store 78,2019-06-08,Clothing,Kids,25,12,81017389,52724374,True,2019-04-26,4
404,West US,West US Store 78,2019-06-12,Furniture,Indoor tables,23,15,55298242,77790060,True,2019-05-18,2
405,West US,West US Store 78,2019-02-02,Electronics,Computers,10,200,69114996,14261511,False,2019-06-29,2
406,West US,West US Store 78,2019-03-03,Baby,Diaper bags,13,5,30174462,47538370,True,2019-06-08,2
407,West US,West US Store 78,2019-02-23,Clothing,Swimwear,11,25,28268595,58774712,True,2019-02-13,3
408,West US,West US Store 78,2019-03-11,Electronics,Televisions,12,200,19871328,29819523,False,2019-03-11,1
409,West US,West US Store 78,2019-04-22,Furniture,Patio furniture,17,40,98254503,70875388,True,2019-06-20,2
410,West US,West US Store 78,2019-01-17,Baby,Car seats,8,12,83597332,60935547,True,2019-06-26,2
411,West US,West US Store 78,2019-03-14,Electronics,Computers,13,200,18764854,33276859,False,2019-01-03,4
412,West US,West US Store 78,2019-06-19,Clothing,Shoes,24,10,78219854,54453042,True,2019-05-10,5
413,West US,West US Store 78,2019-08-03,Furniture,Beds,31,30,58158600,54885209,True,2019-08-04,2
414,West US,West US Store 78,2019-01-08,Beauty/Health,Makeup,6,15,43693975,28523022,False,2019-06-04,3
415,West US,West US Store 78,2019-06-01,Clothing,Kids,25,20,38520071,32412525,False,2019-05-22,3
416,West US,West US Store 78,2019-07-25,Electronics,Speakers,25,200,96410469,86001233,True,2019-02-17,4
417,West US,West US Store 78,2019-01-20,Clothing,Kids,7,25,13977901,44081034,True,2019-04-12,3
418,West US,West US Store 78,2019-03-04,Electronics,Speakers,13,300,42177395,10372008,False,2019-03-04,1
419,West US,West US Store 78,2019-06-22,Beauty/Health,Haircare,27,10,66474876,23769185,False,2019-07-27,2
420,West US,West US Store 78,2019-04-05,Furniture,Indoor seating,15,30,19890858,5186004,False,2019-04-05,1
421,West US,West US Store 78,2019-05-18,Beauty/Health,Oral care,20,6,13635928,9075507,False,2019-05-18,1
422,West US,West US Store 78,2019-01-26,Beauty/Health,Oral care,7,15,98119043,75629225,True,2019-05-14,7
423,West US,West US Store 78,2019-07-31,Beauty/Health,Skincare,29,6,75161208,28955189,False,2019-03-07,7
424,West US,West US Store 78,2019-07-27,Clothing,Baby,28,20,12138130,53156541,True,2019-02-09,2
425,West US,West US Store 78,2019-05-11,Electronics,Speakers,18,100,14750124,54453042,True,2019-05-10,6
426,West US,West US Store 78,2019-08-03,Electronics,Tablets,27,200,68187489,67850219,True,2019-02-25,4
427,West US,West US Store 78,2019-06-24,Furniture,Indoor tables,25,15,84679177,5186004,False,2019-04-05,2
428,West US,West US Store 78,2019-01-10,Beauty/Health,Bath,8,15,91353167,84704732,True,2019-01-19,5
429,West US,West US Store 78,2019-08-11,Clothing,Womens,30,25,59548564,41488032,True,2019-08-11,1
430,West US,West US Store 78,2019-01-13,Baby,Cribs,7,10,64398671,81247396,True,2019-07-18,5
431,West US,West US Store 78,2019-08-11,Furniture,Beds,30,15,35225130,57910378,True,2019-06-25,3
432,West US,West US Store 78,2019-01-19,Electronics,Televisions,6,100,17713230,78222227,True,2019-01-01,5
433,West US,West US Store 78,2019-01-25,Baby,Baby toys,6,10,86068179,59639046,True,2019-02-04,2
434,West US,West US Store 78,2019-02-23,Clothing,Shoes,11,13,18281649,50563539,True,2019-03-24,5
435,West US,West US Store 78,2019-05-05,Beauty/Health,Fragrances,20,10,90532413,36302028,False,2019-05-26,4
436,West US,West US Store 78,2019-02-24,Furniture,Indoor tables,9,15,95386034,76061392,True,2019-08-08,3
437,West US,West US Store 78,2019-03-13,Baby,Diapers,12,30,26867491,44081034,True,2019-04-12,4
438,West US,West US Store 78,2019-01-15,Clothing,Womens,6,13,68302369,17286680,False,2019-06-12,2
439,West US,West US Store 78,2019-02-10,Clothing,Womens,9,12,17253855,48402704,True,2019-08-06,3
440,West US,West US Store 78,2019-03-18,Baby,Diaper bags,12,15,94158609,87297734,True,2019-03-18,1
441,West US,West US Store 78,2019-07-21,Beauty/Health,Fragrances,30,10,88192337,58774712,True,2019-02-13,4
442,West US,West US Store 78,2019-04-25,Baby,Car seats,18,15,64995670,62664215,True,2019-03-18,5
443,West US,West US Store 78,2019-07-21,Baby,Strollers,26,12,98466401,53156541,True,2019-02-09,3
444,West US,West US Store 78,2019-05-06,Baby,Diaper bags,22,15,59423775,33709026,False,2019-06-18,5
445,West US,West US Store 78,2019-05-16,Clothing,Shoes,20,13,23052341,62664215,True,2019-03-18,6
446,West US,West US Store 78,2019-08-05,Furniture,Patio furniture,29,75,78279598,39759364,True,2019-01-21,5
447,West US,West US Store 78,2019-05-01,Beauty/Health,Feminine Products,24,10,60782688,33276859,False,2019-01-03,5
448,West US,West US Store 78,2019-01-29,Baby,Strollers,7,30,99096513,64825050,True,2019-04-26,3
449,West US,West US Store 78,2019-05-06,Electronics,Speakers,18,200,41958164,87297734,True,2019-03-18,2
450,West US,West US Store 78,2019-01-07,Electronics,Computers,6,100,25643624,23769185,False,2019-07-27,3
451,West US,West US Store 78,2019-07-31,Furniture,Indoor seating,26,100,31023859,73036223,True,2019-02-10,3
452,West US,West US Store 78,2019-02-24,Clothing,Womens,11,13,16586967,14261511,False,2019-06-29,3
453,West US,West US Store 78,2019-05-25,Baby,Cribs,23,30,42687199,38030696,False,2019-04-01,2
454,West US,West US Store 78,2019-06-23,Beauty/Health,Skincare,25,15,17766303,26362187,False,2019-03-10,5
455,West US,West US Store 78,2019-07-31,Beauty/Health,Haircare,30,6,31986688,20744016,False,2019-04-20,2
456,West US,West US Store 78,2019-03-22,Beauty/Health,Oral care,13,10,63911180,19447515,False,2019-07-04,2
457,West US,West US Store 78,2019-01-09,Beauty/Health,Bath,6,10,61709776,53588708,True,2019-02-03,4
458,West US,West US Store 78,2019-05-28,Furniture,Pool furniture,21,75,67118785,44513201,True,2019-08-10,5
459,West US,West US Store 78,2019-03-16,Baby,Car seats,12,5,49267782,54020875,True,2019-06-06,6
460,West US,West US Store 78,2019-04-10,Baby,Diapers,16,10,51715151,72171889,True,2019-01-21,4
461,West US,West US Store 78,2019-03-17,Electronics,Headphones,12,200,13352273,33709026,False,2019-06-18,6
462,West US,West US Store 78,2019-02-09,Clothing,Mens,11,25,88044828,23769185,False,2019-07-27,4
463,West US,West US Store 78,2019-07-10,Baby,Car seats,27,30,83707606,63960716,True,2019-05-18,4
464,West US,West US Store 78,2019-08-02,Beauty/Health,Haircare,32,6,16653327,73468390,True,2019-02-02,4
465,West US,West US Store 78,2019-01-16,Beauty/Health,Haircare,6,14,37222456,46241869,True,2019-04-19,5
466,West US,West US Store 78,2019-08-15,Beauty/Health,Fragrances,31,10,56639061,88162068,True,2019-04-21,4
467,West US,West US Store 78,2019-06-22,Baby,Diapers,26,12,75553530,80383062,True,2019-05-17,2
468,West US,West US Store 78,2019-08-09,Electronics,Tablets,27,200,60123939,42784533,True,2019-05-10,4
469,West US,West US Store 78,2019-03-03,Baby,Car seats,14,12,25134083,79086561,True,2019-07-15,3
470,West US,West US Store 78,2019-02-09,Beauty/Health,Oral care,9,10,26511477,39327197,True,2019-01-10,2
471,West US,West US Store 78,2019-03-10,Clothing,Womens,12,25,98468924,79518728,True,2019-03-10,1
472,West US,West US Store 78,2019-01-31,Clothing,Shoes,7,25,16880329,86865567,True,2019-04-22,2
473,West US,West US Store 78,2019-07-18,Beauty/Health,Oral care,28,10,16520404,76925726,True,2019-03-18,5
474,West US,West US Store 78,2019-08-14,Beauty/Health,Oral care,29,6,61250227,76925726,True,2019-03-18,6
475,West US,West US Store 78,2019-04-11,Beauty/Health,Oral care,15,10,24728552,77790060,True,2019-05-18,3
476,West US,West US Store 78,2019-06-24,Clothing,Kids,25,25,18482977,88162068,True,2019-04-21,5
477,West US,West US Store 78,2019-04-07,Furniture,Beds,16,30,41321166,65689384,True,2019-02-24,3
478,West US,West US Store 78,2019-05-11,Beauty/Health,Makeup,22,10,72769944,70875388,True,2019-06-20,3
479,West US,West US Store 78,2019-06-03,Beauty/Health,Skincare,23,10,13601395,37166362,False,2019-01-08,4
480,West US,West US Store 78,2019-05-21,Beauty/Health,Feminine Products,20,15,96406923,88594235,True,2019-05-21,1
481,West US,West US Store 78,2019-05-24,Electronics,Computers,19,200,29117214,70011054,True,2019-06-06,3
482,West US,West US Store 78,2019-04-25,Baby,Car seats,20,30,51859302,26794354,False,2019-02-04,2
483,West US,West US Store 78,2019-05-17,Furniture,Patio furniture,23,30,86966482,50563539,True,2019-03-24,6
484,West US,West US Store 78,2019-04-06,Baby,Baby toys,15,30,19590001,71739722,True,2019-08-10,3
485,West US,West US Store 78,2019-05-12,Electronics,Computers,19,300,32351889,44081034,True,2019-04-12,5
486,West US,West US Store 78,2019-02-08,Beauty/Health,Haircare,9,10,18598585,53156541,True,2019-02-09,4
487,West US,West US Store 78,2019-05-04,Electronics,Cell Phones,19,100,64192471,25930020,False,2019-02-19,2
488,West US,West US Store 78,2019-03-04,Clothing,Shoes,13,12,81168789,43648867,True,2019-05-14,2
489,West US,West US Store 78,2019-03-22,Baby,Diapers,13,30,76286100,63528549,True,2019-07-19,2
490,West US,West US Store 78,2019-04-25,Baby,Car seats,18,15,10074852,84272565,True,2019-04-25,1
491,West US,West US Store 78,2019-02-15,Clothing,Kids,10,12,43059560,9507674,False,2019-07-16,5
492,West US,West US Store 78,2019-02-09,Beauty/Health,Haircare,11,10,23498247,12532843,False,2019-06-30,2
493,West US,West US Store 78,2019-03-05,Clothing,Kids,12,13,15366477,65257217,True,2019-07-13,2
494,West US,West US Store 78,2019-08-14,Beauty/Health,Fragrances,32,6,84539341,69578887,True,2019-03-02,5
495,West US,West US Store 78,2019-07-27,Clothing,Kids,30,25,28023447,68714553,True,2019-05-03,2
496,West US,West US Store 78,2019-08-02,Clothing,Kids,30,25,14233854,54453042,True,2019-05-10,7
497,West US,West US Store 78,2019-02-04,Baby,Diapers,11,10,34907854,82543897,True,2019-04-02,2
498,West US,West US Store 78,2019-03-13,Electronics,Computers,12,50,91436812,19447515,False,2019-07-04,3
499,West US,West US Store 78,2019-08-14,Furniture,Indoor seating,33,15,57784924,55749543,True,2019-04-17,3
500,West US,West US Store 78,2019-07-19,Electronics,Speakers,25,100,56273483,60071213,True,2019-02-20,5
501,West US,West US Store 78,2019-03-12,Clothing,Kids,14,20,71086453,34141193,False,2019-02-11,2
502,West US,West US Store 78,2019-01-19,Electronics,Speakers,6,300,12446211,47970537,True,2019-02-25,4
503,West US,West US Store 78,2019-06-16,Beauty/Health,Haircare,23,10,75772861,65257217,True,2019-07-13,3
504,West US,West US Store 78,2019-03-03,Beauty/Health,Makeup,13,15,76234820,82543897,True,2019-04-02,3
505,West US,West US Store 78,2019-07-05,Baby,Car seats,28,30,91019054,87297734,True,2019-03-18,3
506,West US,West US Store 78,2019-06-22,Baby,Cribs,27,10,75287389,36302028,False,2019-05-26,5
507,West US,West US Store 78,2019-07-26,Baby,Baby toys,27,30,48726836,53588708,True,2019-02-03,5
508,West US,West US Store 78,2019-06-30,Clothing,Kids,27,12,68701631,58342545,True,2019-04-09,3
509,West US,West US Store 78,2019-04-12,Furniture,Indoor tables,15,75,66987863,85136899,True,2019-02-18,8
510,West US,West US Store 78,2019-02-05,Electronics,Computers,10,300,92267905,60935547,True,2019-06-26,3
511,West US,West US Store 78,2019-02-24,Furniture,Beds,9,75,17135875,66553718,True,2019-04-29,3
512,West US,West US Store 78,2019-01-28,Baby,Car seats,6,30,72663307,32844692,False,2019-08-07,4
513,West US,West US Store 78,2019-07-24,Baby,Strollers,30,12,47808022,62664215,True,2019-03-18,7
514,West US,West US Store 78,2019-04-28,Clothing,Swimwear,17,12,40062784,20744016,False,2019-04-20,3
515,West US,West US Store 78,2019-03-29,Electronics,Tablets,12,50,60208509,55317376,True,2019-04-27,2
516,West US,West US Store 78,2019-05-31,Electronics,Cell Phones,18,200,91110274,56181710,True,2019-02-01,2
517,West US,West US Store 78,2019-08-11,Furniture,Beds,33,100,36639880,20744016,False,2019-04-20,4
518,West US,West US Store 78,2019-06-16,Electronics,Computers,21,200,71479273,51860040,True,2019-04-11,3
519,West US,West US Store 78,2019-01-06,Furniture,Indoor tables,6,75,52371568,20311849,False,2019-01-20,3
520,West US,West US Store 78,2019-07-27,Furniture,Beds,27,100,49958521,19879682,False,2019-07-20,3
521,West US,West US Store 78,2019-02-06,Electronics,Computers,9,100,70656614,83408231,True,2019-06-03,5
522,West US,West US Store 78,2019-06-19,Baby,Baby toys,26,30,23818010,21176183,False,2019-07-12,4
523,West US,West US Store 78,2019-05-13,Baby,Car seats,22,10,69760898,6050338,False,2019-08-15,2
524,West US,West US Store 78,2019-03-08,Baby,Diaper bags,12,5,46271489,3025169,False,2019-04-19,2
525,West US,West US Store 78,2019-07-17,Clothing,Shoes,29,25,82599178,61367714,True,2019-04-19,6
526,West US,West US Store 78,2019-05-11,Beauty/Health,Skincare,24,10,64145211,30251690,False,2019-05-14,2
527,West US,West US Store 78,2019-03-22,Electronics,Speakers,12,100,27533330,68282386,True,2019-03-24,4
528,West US,West US Store 78,2019-04-18,Electronics,Headphones,15,100,62807081,47970537,True,2019-02-25,5
529,West US,West US Store 78,2019-05-04,Clothing,Womens,22,25,35070551,28090855,False,2019-04-18,2
530,West US,West US Store 78,2019-04-15,Beauty/Health,Fragrances,16,15,70565287,45809702,True,2019-04-15,1
531,West US,West US Store 78,2019-01-08,Furniture,Pool furniture,8,30,90768004,10372008,False,2019-03-04,2
532,West US,West US Store 78,2019-04-01,Electronics,Speakers,16,100,28671683,38895030,True,2019-04-24,2
533,West US,West US Store 78,2019-02-26,Clothing,Mens,9,25,52910768,49267038,True,2019-05-21,3
534,West US,West US Store 78,2019-03-26,Baby,Cribs,13,10,42772027,70011054,True,2019-06-06,4
535,West US,West US Store 78,2019-01-22,Clothing,Mens,8,25,70246670,31116024,False,2019-05-13,4
536,West US,West US Store 78,2019-06-12,Electronics,Cell Phones,21,100,11800610,46241869,True,2019-04-19,6
537,West US,West US Store 78,2019-04-17,Electronics,Cell Phones,16,200,68073752,2160835,False,2019-04-17,1
538,West US,West US Store 78,2019-01-07,Clothing,Swimwear,8,12,63522094,67850219,True,2019-02-25,5
539,West US,West US Store 78,2019-02-24,Clothing,Baby,11,13,76400478,47538370,True,2019-06-08,3
540,West US,West US Store 78,2019-07-23,Clothing,Shoes,28,13,66330206,59639046,True,2019-02-04,3
541,West US,West US Store 78,2019-05-22,Baby,Diaper bags,22,15,15189068,70875388,True,2019-06-20,4
542,West US,West US Store 78,2019-08-15,Furniture,Pool furniture,30,15,65316016,37166362,False,2019-01-08,5
543,West US,West US Store 78,2019-05-04,Clothing,Womens,23,12,88891123,54885209,True,2019-08-04,3
544,West US,West US Store 78,2019-06-24,Electronics,Speakers,21,50,30637809,21608350,False,2019-03-20,2
545,West US,West US Store 78,2019-07-03,Beauty/Health,Feminine Products,30,6,62180493,41920199,True,2019-05-22,4
546,West US,West US Store 78,2019-06-01,Beauty/Health,Fragrances,26,14,33638461,40191531,True,2019-06-05,2
547,West US,West US Store 78,2019-04-08,Electronics,Tablets,15,100,62766784,6914672,False,2019-04-08,1
548,West US,West US Store 78,2019-02-22,Furniture,Patio furniture,10,40,38413018,49267038,True,2019-05-21,4
549,West US,West US Store 78,2019-05-09,Clothing,Baby,23,25,34727001,81247396,True,2019-07-18,6
550,West US,West US Store 78,2019-03-05,Clothing,Shoes,14,20,64870886,7346839,False,2019-05-18,3
551,West US,West US Store 78,2019-06-03,Clothing,Womens,24,25,97749903,60503380,True,2019-07-28,4
552,West US,West US Store 78,2019-03-21,Beauty/Health,Fragrances,13,10,66408965,31548191,False,2019-01-15,3
553,West US,West US Store 78,2019-05-09,Beauty/Health,Oral care,22,15,97137695,38030696,False,2019-04-01,3
554,West US,West US Store 78,2019-08-03,Beauty/Health,Feminine Products,33,10,51556981,71307555,True,2019-02-01,3
555,West US,West US Store 78,2019-06-20,Electronics,Speakers,22,50,37625867,48834871,True,2019-04-18,3
556,West US,West US Store 78,2019-02-10,Beauty/Health,Skincare,10,10,89322412,28523022,False,2019-06-04,4
557,West US,West US Store 78,2019-07-18,Electronics,Cell Phones,25,100,99885004,27658688,False,2019-08-07,3
558,West US,West US Store 78,2019-05-01,Baby,Strollers,24,15,32923962,73468390,True,2019-02-02,5
559,West US,West US Store 78,2019-04-24,Furniture,Patio furniture,21,30,69224640,52724374,True,2019-04-26,5
560,West US,West US Store 78,2019-04-09,Beauty/Health,Oral care,17,14,54822960,18583181,False,2019-01-28,3
561,West US,West US Store 78,2019-07-10,Baby,Car seats,26,12,10925710,35005527,False,2019-03-31,5
562,West US,West US Store 78,2019-01-07,Baby,Diapers,7,15,16479455,82543897,True,2019-04-02,4
563,West US,West US Store 78,2019-02-12,Clothing,Shoes,11,10,83121622,45809702,True,2019-04-15,2
564,West US,West US Store 78,2019-07-10,Electronics,Headphones,24,300,29758431,59639046,True,2019-02-04,4
565,West US,West US Store 78,2019-01-26,Electronics,Televisions,7,200,75516331,14693678,False,2019-02-26,3
566,West US,West US Store 78,2019-01-31,Beauty/Health,Skincare,6,10,51366967,26794354,False,2019-02-04,3
567,West US,West US Store 78,2019-03-05,Clothing,Kids,13,20,89644588,52724374,True,2019-04-26,6
568,West US,West US Store 78,2019-02-25,Electronics,Headphones,10,100,27269623,19879682,False,2019-07-20,4
569,West US,West US Store 78,2019-01-05,Furniture,Pool furniture,8,75,19508552,63528549,True,2019-07-19,3
570,West US,West US Store 78,2019-07-18,Furniture,Indoor seating,30,30,24599031,53156541,True,2019-02-09,5
571,West US,West US Store 78,2019-06-21,Beauty/Health,Bath,26,6,83306605,52292207,True,2019-02-24,3
572,West US,West US Store 78,2019-02-18,Beauty/Health,Oral care,9,10,34588092,24201352,False,2019-05-16,3
573,West US,West US Store 78,2019-07-24,Furniture,Indoor tables,26,15,87808017,84272565,True,2019-04-25,2
574,West US,West US Store 78,2019-03-02,Clothing,Shoes,13,12,34439962,82543897,True,2019-04-02,5
575,West US,West US Store 78,2019-05-23,Baby,Diaper bags,20,12,81253949,54885209,True,2019-08-04,4
576,West US,West US Store 78,2019-07-12,Furniture,Beds,28,30,85172057,44513201,True,2019-08-10,6
577,West US,West US Store 78,2019-02-25,Beauty/Health,Haircare,10,6,90336533,8643340,False,2019-02-25,1
578,West US,West US Store 78,2019-02-10,Clothing,Womens,11,12,34546583,28090855,False,2019-04-18,3
579,West US,West US Store 78,2019-05-07,Electronics,Speakers,18,200,35297089,50563539,True,2019-03-24,7
580,West US,West US Store 78,2019-02-21,Electronics,Computers,9,200,29894914,5618171,False,2019-02-26,3
581,West US,West US Store 78,2019-07-25,Electronics,Televisions,25,100,83887279,31980358,False,2019-08-10,3
582,West US,West US Store 78,2019-03-21,Furniture,Indoor seating,13,100,62209028,83840398,True,2019-04-27,2
583,West US,West US Store 78,2019-03-07,Electronics,Computers,13,100,92670989,36734195,False,2019-01-16,4
584,West US,West US Store 78,2019-02-10,Electronics,Headphones,10,100,68784670,68282386,True,2019-03-24,5
585,West US,West US Store 78,2019-04-13,Beauty/Health,Bath,16,10,93612354,52292207,True,2019-02-24,4
586,West US,West US Store 78,2019-05-08,Baby,Diaper bags,20,30,59303363,25497853,False,2019-05-08,1
587,West US,West US Store 78,2019-01-06,Furniture,Indoor seating,7,15,62643491,8211173,False,2019-05-09,2
588,West US,West US Store 78,2019-04-03,Electronics,Computers,16,300,42971447,60503380,True,2019-07-28,5
589,West US,West US Store 78,2019-04-24,Beauty/Health,Feminine Products,17,10,55116611,46674036,True,2019-07-07,2
590,West US,West US Store 78,2019-04-11,Baby,Car seats,17,30,23969197,67418052,True,2019-02-11,4
591,West US,West US Store 78,2019-05-26,Baby,Strollers,23,30,86855912,85569066,True,2019-06-27,6
592,West US,West US Store 78,2019-05-16,Furniture,Pool furniture,20,30,98109692,60071213,True,2019-02-20,6
593,West US,West US Store 78,2019-05-25,Beauty/Health,Bath,23,6,96221358,56181710,True,2019-02-01,3
594,West US,West US Store 78,2019-05-15,Electronics,Headphones,18,200,71086761,56613877,True,2019-05-14,2
595,West US,West US Store 78,2019-05-22,Electronics,Headphones,19,200,52651842,23337018,False,2019-05-22,1
596,West US,West US Store 78,2019-04-07,Electronics,Cell Phones,16,100,83367905,40191531,True,2019-06-05,3
597,West US,West US Store 78,2019-05-31,Furniture,Indoor seating,23,15,56716161,50995706,True,2019-05-14,4
598,West US,West US Store 78,2019-05-31,Electronics,Speakers,18,200,78737592,64392883,True,2019-07-03,4
599,West US,West US Store 78,2019-02-24,Clothing,Mens,9,13,70434465,75197058,True,2019-04-05,5
600,West US,West US Store 78,2019-05-03,Beauty/Health,Oral care,24,10,87260736,41055865,True,2019-07-08,2
601,West US,West US Store 78,2019-02-21,Beauty/Health,Skincare,9,10,91710069,54020875,True,2019-06-06,7
602,West US,West US Store 78,2019-01-26,Furniture,Indoor tables,8,15,11204559,62232048,True,2019-04-10,2
603,West US,West US Store 78,2019-05-01,Electronics,Headphones,18,100,22119644,61367714,True,2019-04-19,7
604,West US,West US Store 78,2019-04-12,Beauty/Health,Skincare,17,15,76283761,58342545,True,2019-04-09,4
605,West US,West US Store 78,2019-05-17,Electronics,Computers,19,50,95417920,76925726,True,2019-03-18,7
606,West US,West US Store 78,2019-04-21,Baby,Cribs,17,5,83039889,39327197,True,2019-01-10,3
607,West US,West US Store 78,2019-01-04,Electronics,Headphones,6,100,62698316,27658688,False,2019-08-07,4
608,West US,West US Store 78,2019-07-20,Electronics,Cell Phones,24,50,70795031,15125845,False,2019-07-20,1
609,West US,West US Store 78,2019-06-03,Clothing,Baby,24,20,69078694,31116024,False,2019-05-13,5
610,West US,West US Store 78,2019-07-15,Beauty/Health,Haircare,27,10,64425907,50563539,True,2019-03-24,8
611,West US,West US Store 78,2019-03-01,Electronics,Televisions,12,100,13723367,40623698,True,2019-02-13,3
612,West US,West US Store 78,2019-07-01,Baby,Baby toys,27,10,89998472,37166362,False,2019-01-08,6
613,West US,West US Store 78,2019-01-13,Furniture,Indoor seating,7,75,87392931,34141193,False,2019-02-11,3
614,West US,West US Store 78,2019-05-13,Electronics,Headphones,18,50,46976883,28090855,False,2019-04-18,4
615,West US,West US Store 78,2019-06-01,Clothing,Womens,27,20,40625555,5186004,False,2019-04-05,3
616,West US,West US Store 78,2019-07-18,Electronics,Speakers,25,100,98494930,81679563,True,2019-05-03,3
617,West US,West US Store 78,2019-04-08,Clothing,Womens,15,20,90629912,55749543,True,2019-04-17,4
618,West US,West US Store 78,2019-02-27,Furniture,Patio furniture,10,75,76327832,60935547,True,2019-06-26,4
619,West US,West US Store 78,2019-05-14,Furniture,Pool furniture,22,40,80257393,31980358,False,2019-08-10,4
620,West US,West US Store 78,2019-05-13,Beauty/Health,Skincare,24,10,21699418,67418052,True,2019-02-11,5
621,West US,West US Store 78,2019-04-04,Furniture,Beds,15,30,64590996,25497853,False,2019-05-08,2
622,West US,West US Store 78,2019-08-10,Electronics,Speakers,27,100,70036150,29387356,False,2019-06-16,4
623,West US,West US Store 78,2019-01-19,Electronics,Computers,6,200,17717423,36302028,False,2019-05-26,6
624,West US,West US Store 78,2019-04-29,Furniture,Beds,21,30,16074211,57046044,True,2019-04-29,1
625,West US,West US Store 78,2019-08-13,Electronics,Cell Phones,28,100,86817979,56613877,True,2019-05-14,3
626,West US,West US Store 78,2019-06-02,Clothing,Womens,23,10,98456688,86433400,True,2019-04-19,2
627,West US,West US Store 78,2019-06-27,Electronics,Headphones,22,100,25255768,27226521,False,2019-01-09,4
628,West US,West US Store 78,2019-08-06,Beauty/Health,Bath,31,14,16147916,46241869,True,2019-04-19,7
629,West US,West US Store 78,2019-05-05,Clothing,Womens,24,25,73439978,24201352,False,2019-05-16,4
630,West US,West US Store 78,2019-02-04,Beauty/Health,Haircare,11,10,66750530,62664215,True,2019-03-18,8
631,West US,West US Store 78,2019-03-22,Baby,Diapers,12,15,13114899,70011054,True,2019-06-06,5
632,West US,West US Store 78,2019-04-28,Electronics,Cell Phones,16,100,80017991,46674036,True,2019-07-07,3
633,West US,West US Store 78,2019-06-05,Furniture,Indoor seating,26,40,49213475,57046044,True,2019-04-29,2
634,West US,West US Store 78,2019-04-14,Clothing,Swimwear,15,25,38410681,76061392,True,2019-08-08,4
635,West US,West US Store 78,2019-07-06,Furniture,Indoor tables,26,40,37722462,86433400,True,2019-04-19,3
636,West US,West US Store 78,2019-03-06,Baby,Cribs,13,30,39321280,67850219,True,2019-02-25,6
637,West US,West US Store 78,2019-01-18,Beauty/Health,Fragrances,6,15,58311604,15558012,False,2019-02-26,2
638,West US,West US Store 78,2019-01-22,Clothing,Womens,8,12,72867959,72604056,True,2019-05-08,3
639,West US,West US Store 78,2019-07-06,Electronics,Computers,25,50,77692609,11668509,False,2019-05-01,3
640,West US,West US Store 78,2019-07-22,Furniture,Indoor tables,28,30,79371756,32412525,False,2019-05-22,4
641,West US,West US Store 78,2019-03-18,Beauty/Health,Haircare,12,10,76462999,14693678,False,2019-02-26,4
642,West US,West US Store 78,2019-04-11,Electronics,Tablets,15,100,70418307,27226521,False,2019-01-09,5
643,West US,West US Store 78,2019-06-12,Baby,Baby toys,25,30,98383648,25497853,False,2019-05-08,3
644,West US,West US Store 78,2019-04-14,Electronics,Tablets,15,50,32713511,37598529,False,2019-05-06,2
645,West US,West US Store 78,2019-05-02,Electronics,Speakers,18,200,95037693,50131372,True,2019-07-14,2
646,West US,West US Store 78,2019-06-05,Beauty/Health,Skincare,24,10,55888836,60071213,True,2019-02-20,7
647,West US,West US Store 78,2019-02-17,Beauty/Health,Skincare,10,10,69908847,42784533,True,2019-05-10,5
648,West US,West US Store 78,2019-04-23,Clothing,Shoes,17,20,90322092,76493559,True,2019-02-27,5
649,West US,West US Store 78,2019-08-09,Furniture,Indoor seating,31,30,14667928,70875388,True,2019-06-20,5
650,West US,West US Store 78,2019-02-27,Electronics,Tablets,9,100,10561611,69146720,True,2019-07-30,2
651,West US,West US Store 78,2019-02-18,Furniture,Indoor tables,10,30,71034452,74764891,True,2019-05-27,3
652,West US,West US Store 78,2019-06-26,Clothing,Shoes,25,25,90756147,50995706,True,2019-05-14,5
653,West US,West US Store 78,2019-02-27,Baby,Baby toys,10,10,33958905,60071213,True,2019-02-20,8
654,West US,West US Store 78,2019-05-12,Clothing,Kids,21,13,24988725,50563539,True,2019-03-24,9
655,West US,West US Store 78,2019-08-07,Furniture,Pool furniture,30,100,36248895,49699205,True,2019-02-16,2
656,West US,West US Store 78,2019-04-10,Baby,Cribs,15,10,65972647,18151014,False,2019-08-11,6
657,West US,West US Store 78,2019-05-13,Furniture,Indoor seating,20,75,40525999,41055865,True,2019-07-08,3
658,West US,West US Store 78,2019-04-25,Clothing,Baby,20,25,44824877,80383062,True,2019-05-17,3
659,West US,West US Store 78,2019-03-01,Furniture,Indoor tables,12,100,69544582,70443221,True,2019-02-27,2
660,West US,West US Store 78,2019-03-08,Electronics,Headphones,12,100,42376257,76061392,True,2019-08-08,5
661,West US,West US Store 78,2019-07-13,Beauty/Health,Bath,28,10,90857620,57478211,True,2019-06-07,2
662,West US,West US Store 78,2019-02-10,Beauty/Health,Skincare,9,14,53333245,41488032,True,2019-08-11,2
663,West US,West US Store 78,2019-05-05,Electronics,Televisions,19,100,65523159,14261511,False,2019-06-29,4
664,West US,West US Store 78,2019-01-14,Baby,Baby toys,6,5,34755121,66985885,True,2019-02-07,3
665,West US,West US Store 78,2019-02-09,Beauty/Health,Feminine Products,9,15,18796671,20311849,False,2019-01-20,4
666,West US,West US Store 78,2019-03-01,Furniture,Patio furniture,12,15,47685276,82976064,True,2019-03-18,6
667,West US,West US Store 78,2019-01-08,Clothing,Kids,7,12,28399712,19879682,False,2019-07-20,5
668,West US,West US Store 78,2019-01-19,Beauty/Health,Oral care,7,14,50465036,30683857,False,2019-06-16,3
669,West US,West US Store 78,2019-05-30,Beauty/Health,Bath,22,14,39881138,62664215,True,2019-03-18,9
670,West US,West US Store 78,2019-04-04,Baby,Diapers,15,10,86682888,70011054,True,2019-06-06,6
671,West US,West US Store 78,2019-06-19,Baby,Baby toys,26,30,21771611,49699205,True,2019-02-16,3
672,West US,West US Store 78,2019-02-28,Baby,Strollers,10,5,26986006,49699205,True,2019-02-16,4
673,West US,West US Store 78,2019-05-21,Beauty/Health,Feminine Products,23,6,81878080,82543897,True,2019-04-02,6
674,West US,West US Store 78,2019-04-08,Furniture,Indoor tables,16,15,31017163,70875388,True,2019-06-20,6
675,West US,West US Store 78,2019-01-24,Electronics,Computers,7,50,29775090,22040517,False,2019-06-23,3
676,West US,West US Store 78,2019-06-10,Clothing,Kids,23,20,78964907,68714553,True,2019-05-03,3
677,West US,West US Store 78,2019-02-22,Beauty/Health,Feminine Products,10,14,52744476,54453042,True,2019-05-10,8
678,West US,West US Store 78,2019-01-13,Beauty/Health,Bath,8,10,80067729,63096382,True,2019-01-13,1
679,West US,West US Store 78,2019-01-15,Clothing,Shoes,8,20,56873116,1296501,False,2019-01-15,1
680,West US,West US Store 78,2019-01-17,Beauty/Health,Fragrances,6,10,90552421,36734195,False,2019-01-16,5
681,West US,West US Store 78,2019-02-06,Clothing,Swimwear,10,25,11592383,53588708,True,2019-02-03,6
682,West US,West US Store 78,2019-06-17,Electronics,Televisions,22,300,82256266,47106203,True,2019-01-31,4
683,West US,West US Store 78,2019-04-12,Beauty/Health,Skincare,16,6,66629809,39759364,True,2019-01-21,6
684,West US,West US Store 78,2019-05-21,Beauty/Health,Skincare,24,15,60341464,72171889,True,2019-01-21,5
685,West US,West US Store 78,2019-05-04,Beauty/Health,Fragrances,20,6,64968975,47538370,True,2019-06-08,4
686,West US,West US Store 78,2019-02-02,Furniture,Pool furniture,10,75,45660763,47106203,True,2019-01-31,5
687,West US,West US Store 78,2019-03-01,Electronics,Speakers,13,50,46890665,45809702,True,2019-04-15,3
688,West US,West US Store 78,2019-05-22,Furniture,Pool furniture,21,30,55993494,69146720,True,2019-07-30,3
689,West US,West US Store 78,2019-07-17,Electronics,Speakers,25,100,41716499,57910378,True,2019-06-25,4
690,West US,West US Store 78,2019-05-28,Furniture,Patio furniture,20,15,27625434,15990179,False,2019-05-26,2
691,West US,West US Store 78,2019-03-27,Electronics,Computers,13,100,48219615,75197058,True,2019-04-05,6
692,West US,West US Store 78,2019-06-10,Beauty/Health,Oral care,27,10,64028566,83408231,True,2019-06-03,6
693,West US,West US Store 78,2019-01-30,Clothing,Swimwear,8,25,50060000,26794354,False,2019-02-04,4
694,West US,West US Store 78,2019-03-10,Clothing,Kids,14,25,57005875,52292207,True,2019-02-24,5
695,West US,West US Store 78,2019-03-05,Clothing,Baby,14,10,72839807,40623698,True,2019-02-13,4
696,West US,West US Store 78,2019-04-24,Beauty/Health,Oral care,18,10,56129695,73468390,True,2019-02-02,6
697,West US,West US Store 78,2019-02-26,Furniture,Pool furniture,10,15,67678655,62664215,True,2019-03-18,10
698,West US,West US Store 78,2019-06-03,Clothing,Baby,26,25,58784211,53588708,True,2019-02-03,7
699,West US,West US Store 78,2019-06-08,Beauty/Health,Haircare,27,10,87786124,47970537,True,2019-02-25,6
700,West US,West US Store 78,2019-06-16,Clothing,Mens,25,25,51688893,8211173,False,2019-05-09,3
701,West US,West US Store 78,2019-06-19,Clothing,Shoes,25,13,39660286,46674036,True,2019-07-07,4
702,West US,West US Store 78,2019-01-26,Clothing,Swimwear,8,10,46309433,37166362,False,2019-01-08,7
703,West US,West US Store 78,2019-05-04,Baby,Strollers,20,5,42204330,76061392,True,2019-08-08,6
704,West US,West US Store 78,2019-03-27,Clothing,Swimwear,13,25,98693454,74764891,True,2019-05-27,4
705,West US,West US Store 78,2019-02-09,Furniture,Beds,10,30,45427554,66985885,True,2019-02-07,4
706,West US,West US Store 78,2019-01-07,Baby,Car seats,6,5,21121403,31548191,False,2019-01-15,4
707,West US,West US Store 78,2019-02-10,Baby,Cribs,10,5,48820422,24201352,False,2019-05-16,5
708,West US,West US Store 78,2019-06-28,Clothing,Mens,27,13,36922728,33709026,False,2019-06-18,7
709,West US,West US Store 78,2019-03-12,Electronics,Televisions,12,100,33339472,41488032,True,2019-08-11,3
710,West US,West US Store 78,2019-06-03,Electronics,Computers,21,200,88732614,47106203,True,2019-01-31,6
711,West US,West US Store 78,2019-04-18,Electronics,Computers,16,200,15757498,55317376,True,2019-04-27,3
712,West US,West US Store 78,2019-01-19,Clothing,Mens,7,13,53435168,37598529,False,2019-05-06,3
713,West US,West US Store 78,2019-08-12,Baby,Diapers,29,5,25229646,33276859,False,2019-01-03,6
714,West US,West US Store 78,2019-06-05,Clothing,Baby,24,12,10852220,35005527,False,2019-03-31,6
715,West US,West US Store 78,2019-04-13,Clothing,Mens,16,25,12422552,69578887,True,2019-03-02,6
716,West US,West US Store 78,2019-03-16,Baby,Diaper bags,13,10,14121973,55317376,True,2019-04-27,4
717,West US,West US Store 78,2019-03-20,Furniture,Beds,12,30,90370685,27658688,False,2019-08-07,5
718,West US,West US Store 78,2019-01-08,Beauty/Health,Feminine Products,6,10,42434871,4753837,False,2019-06-12,5
719,West US,West US Store 78,2019-01-23,Baby,Diaper bags,7,30,49821656,76493559,True,2019-02-27,6
720,West US,West US Store 78,2019-06-14,Electronics,Speakers,22,100,77061097,35869861,False,2019-07-31,6
721,West US,West US Store 78,2019-04-05,Beauty/Health,Skincare,15,10,37017141,77357893,True,2019-04-26,4
722,West US,West US Store 78,2019-08-09,Baby,Baby toys,32,30,96792215,83840398,True,2019-04-27,3
723,West US,West US Store 78,2019-05-27,Furniture,Pool furniture,22,30,42718693,55317376,True,2019-04-27,5
724,West US,West US Store 78,2019-04-23,Clothing,Kids,17,10,88718081,51427873,True,2019-02-04,3
725,West US,West US Store 78,2019-04-16,Beauty/Health,Feminine Products,15,15,47505068,60071213,True,2019-02-20,9
726,West US,West US Store 78,2019-06-29,Baby,Car seats,27,5,29246390,59206879,True,2019-08-12,4
727,West US,West US Store 78,2019-04-23,Clothing,Swimwear,16,20,98597572,23337018,False,2019-05-22,2
728,West US,West US Store 78,2019-04-27,Furniture,Indoor tables,20,15,78596447,67850219,True,2019-02-25,7
729,West US,West US Store 78,2019-08-02,Electronics,Tablets,28,200,45744771,8211173,False,2019-05-09,4
730,West US,West US Store 78,2019-05-02,Baby,Diapers,20,12,55840165,73468390,True,2019-02-02,7
731,West US,West US Store 78,2019-07-14,Electronics,Speakers,24,200,77294322,48402704,True,2019-08-06,4
732,West US,West US Store 78,2019-03-08,Baby,Baby toys,14,15,50991374,25930020,False,2019-02-19,3
733,West US,West US Store 78,2019-05-14,Electronics,Headphones,18,200,26440103,64392883,True,2019-07-03,5
734,West US,West US Store 78,2019-03-16,Baby,Diaper bags,13,30,93237679,71307555,True,2019-02-01,4
735,West US,West US Store 78,2019-06-10,Clothing,Swimwear,27,13,62151928,66985885,True,2019-02-07,5
736,West US,West US Store 78,2019-02-24,Furniture,Beds,9,75,92912346,5186004,False,2019-04-05,4
737,West US,West US Store 78,2019-06-28,Beauty/Health,Feminine Products,25,6,21293863,64392883,True,2019-07-03,6
738,West US,West US Store 78,2019-03-29,Furniture,Patio furniture,14,40,85876787,34141193,False,2019-02-11,4
739,West US,West US Store 78,2019-08-01,Clothing,Swimwear,31,20,42536300,75197058,True,2019-04-05,7
740,West US,West US Store 78,2019-05-03,Clothing,Kids,23,10,57971808,40623698,True,2019-02-13,5
741,West US,West US Store 78,2019-06-12,Electronics,Speakers,22,50,10548831,48834871,True,2019-04-18,4
742,West US,West US Store 78,2019-06-02,Beauty/Health,Bath,27,15,25176246,58774712,True,2019-02-13,5
743,West US,West US Store 78,2019-03-24,Electronics,Computers,13,300,22446755,3889503,False,2019-06-29,2
744,West US,West US Store 78,2019-07-06,Electronics,Tablets,25,200,81656259,69578887,True,2019-03-02,7
745,West US,West US Store 78,2019-03-18,Clothing,Baby,14,12,30506787,25065686,False,2019-03-18,1
746,West US,West US Store 78,2019-06-23,Clothing,Womens,25,20,68026487,88594235,True,2019-05-21,2
747,West US,West US Store 78,2019-04-10,Clothing,Womens,16,13,63221111,81679563,True,2019-05-03,4
748,West US,West US Store 78,2019-04-28,Beauty/Health,Fragrances,18,10,66645501,3025169,False,2019-04-19,3
749,West US,West US Store 78,2019-08-15,Electronics,Cell Phones,28,50,68909876,49699205,True,2019-02-16,5
750,West US,West US Store 78,2019-04-02,Electronics,Tablets,15,50,93714691,33709026,False,2019-06-18,8
751,West US,West US Store 78,2019-01-21,Beauty/Health,Bath,7,14,66526022,24633519,False,2019-05-10,3
752,West US,West US Store 78,2019-01-27,Clothing,Womens,8,25,92103919,64825050,True,2019-04-26,4
753,West US,West US Store 78,2019-03-17,Electronics,Headphones,13,100,22620291,25065686,False,2019-03-18,2
754,West US,West US Store 78,2019-07-11,Furniture,Indoor seating,28,75,32649946,55749543,True,2019-04-17,5
755,West US,West US Store 78,2019-03-24,Beauty/Health,Bath,14,10,30717268,9507674,False,2019-07-16,6
756,West US,West US Store 78,2019-06-12,Furniture,Indoor tables,24,100,56134073,60935547,True,2019-06-26,5
757,West US,West US Store 78,2019-06-10,Beauty/Health,Fragrances,27,6,63548353,18583181,False,2019-01-28,4
758,West US,West US Store 78,2019-05-20,Beauty/Health,Fragrances,22,15,67812156,44513201,True,2019-08-10,7
759,West US,West US Store 78,2019-02-02,Baby,Diapers,10,12,29756230,34573360,False,2019-06-02,2
760,West US,West US Store 78,2019-06-11,Clothing,Kids,27,20,56231805,18583181,False,2019-01-28,5
761,West US,West US Store 78,2019-04-16,Electronics,Computers,15,100,21121633,5618171,False,2019-02-26,4
762,West US,West US Store 78,2019-05-31,Baby,Car seats,22,5,88152915,49267038,True,2019-05-21,5
763,West US,West US Store 78,2019-02-07,Electronics,Speakers,10,300,25856717,63096382,True,2019-01-13,2
764,West US,West US Store 78,2019-07-03,Furniture,Beds,26,15,32585548,25930020,False,2019-02-19,4
765,West US,West US Store 78,2019-01-03,Electronics,Cell Phones,7,100,63768814,13397177,False,2019-07-17,2
766,West US,West US Store 78,2019-04-12,Electronics,Tablets,15,100,45052585,79950895,True,2019-04-06,3
767,West US,West US Store 78,2019-06-08,Electronics,Computers,22,100,22201959,44081034,True,2019-04-12,6
768,West US,West US Store 78,2019-06-08,Baby,Car seats,27,30,64836035,68282386,True,2019-03-24,6
769,West US,West US Store 78,2019-05-30,Baby,Strollers,24,5,44795825,16422346,False,2019-02-19,2
770,West US,West US Store 78,2019-01-31,Baby,Baby toys,7,15,84820948,53156541,True,2019-02-09,6
771,West US,West US Store 78,2019-05-25,Clothing,Shoes,22,10,52741634,47106203,True,2019-01-31,7
772,West US,West US Store 78,2019-01-04,Clothing,Baby,6,25,42060530,44945368,True,2019-03-25,3
773,West US,West US Store 78,2019-07-07,Electronics,Computers,24,200,74191107,86001233,True,2019-02-17,5
774,West US,West US Store 78,2019-05-28,Furniture,Patio furniture,24,40,82565416,39327197,True,2019-01-10,4
775,West US,West US Store 78,2019-07-14,Furniture,Indoor seating,29,30,48469180,9075507,False,2019-05-18,2
776,West US,West US Store 78,2019-07-27,Furniture,Indoor tables,27,40,60554470,15558012,False,2019-02-26,3
777,West US,West US Store 78,2019-02-28,Baby,Diapers,11,30,34272859,85136899,True,2019-02-18,9
778,West US,West US Store 78,2019-04-16,Beauty/Health,Fragrances,16,10,45287457,32412525,False,2019-05-22,5
779,West US,West US Store 78,2019-01-03,Clothing,Baby,7,25,12074272,82543897,True,2019-04-02,7
780,West US,West US Store 78,2019-02-03,Baby,Strollers,9,5,36726238,20744016,False,2019-04-20,5
781,West US,West US Store 78,2019-07-04,Electronics,Headphones,25,300,98812333,41920199,True,2019-05-22,5
782,West US,West US Store 78,2019-02-15,Clothing,Swimwear,9,25,65139043,77357893,True,2019-04-26,5
783,West US,West US Store 78,2019-04-10,Electronics,Headphones,16,50,39699881,73036223,True,2019-02-10,4
784,West US,West US Store 78,2019-05-13,Electronics,Tablets,18,200,30772642,77357893,True,2019-04-26,6
785,West US,West US Store 78,2019-03-04,Baby,Baby toys,12,30,31432639,30251690,False,2019-05-14,3
786,West US,West US Store 78,2019-06-06,Baby,Car seats,24,5,16076476,34141193,False,2019-02-11,5
787,West US,West US Store 78,2019-01-24,Electronics,Headphones,7,100,55823456,44081034,True,2019-04-12,7
788,West US,West US Store 78,2019-04-09,Clothing,Womens,15,13,26118367,29387356,False,2019-06-16,5
789,West US,West US Store 78,2019-07-10,Furniture,Patio furniture,28,75,56195526,82976064,True,2019-03-18,7
790,West US,West US Store 78,2019-05-08,Clothing,Baby,23,10,83281334,20744016,False,2019-04-20,6
791,West US,West US Store 78,2019-03-04,Clothing,Shoes,14,12,73746104,27226521,False,2019-01-09,6
792,West US,West US Store 78,2019-06-22,Beauty/Health,Feminine Products,23,10,32284387,56613877,True,2019-05-14,4
793,West US,West US Store 78,2019-04-11,Electronics,Tablets,15,100,57471547,56181710,True,2019-02-01,4
794,West US,West US Store 78,2019-03-24,Beauty/Health,Haircare,12,15,67827904,35005527,False,2019-03-31,7
795,West US,West US Store 78,2019-01-13,Baby,Cribs,7,10,70149251,26794354,False,2019-02-04,5
796,West US,West US Store 78,2019-04-13,Baby,Baby toys,16,12,78956080,79518728,True,2019-03-10,2
797,West US,West US Store 78,2019-02-14,Beauty/Health,Haircare,10,10,74937356,53588708,True,2019-02-03,8
798,West US,West US Store 78,2019-04-28,Furniture,Beds,19,40,62765261,70875388,True,2019-06-20,7
799,West US,West US Store 78,2019-06-26,Clothing,Mens,23,25,89295044,76061392,True,2019-08-08,7
800,West US,West US Store 78,2019-03-27,Beauty/Health,Oral care,13,10,90783921,32412525,False,2019-05-22,6
801,West US,West US Store 78,2019-04-28,Clothing,Swimwear,19,13,47367160,22472684,False,2019-01-26,2
802,West US,West US Store 78,2019-05-21,Beauty/Health,Fragrances,22,10,23288616,80815229,True,2019-06-14,3
803,West US,West US Store 78,2019-02-16,Baby,Car seats,11,15,89008145,9939841,False,2019-08-03,3
804,West US,West US Store 78,2019-06-08,Baby,Cribs,23,12,21145554,60503380,True,2019-07-28,6
805,West US,West US Store 78,2019-07-26,Furniture,Pool furniture,30,15,23541391,34141193,False,2019-02-11,6
806,West US,West US Store 78,2019-04-20,Clothing,Swimwear,16,12,48369134,53588708,True,2019-02-03,9
807,West US,West US Store 78,2019-07-16,Baby,Baby toys,30,10,99182824,48834871,True,2019-04-18,5
808,West US,West US Store 78,2019-03-04,Electronics,Computers,13,50,58980865,38462863,False,2019-06-05,4
809,West US,West US Store 78,2019-03-10,Electronics,Speakers,12,300,48362577,36302028,False,2019-05-26,7
810,West US,West US Store 78,2019-03-16,Beauty/Health,Fragrances,14,14,31752302,54885209,True,2019-08-04,5
811,West US,West US Store 78,2019-07-18,Clothing,Swimwear,30,25,37765722,37166362,False,2019-01-08,8
812,West US,West US Store 78,2019-06-26,Clothing,Mens,27,25,52477965,46241869,True,2019-04-19,8
813,West US,West US Store 78,2019-07-14,Electronics,Speakers,24,300,54129185,74332724,True,2019-01-15,3
814,West US,West US Store 78,2019-04-14,Clothing,Womens,15,25,58887832,79518728,True,2019-03-10,3
815,West US,West US Store 78,2019-01-21,Beauty/Health,Skincare,8,14,92749583,18151014,False,2019-08-11,7
816,West US,West US Store 78,2019-03-25,Clothing,Womens,12,20,46831432,39759364,True,2019-01-21,7
817,West US,West US Store 78,2019-07-09,Baby,Diapers,28,5,11204675,31116024,False,2019-05-13,6
818,West US,West US Store 78,2019-05-13,Beauty/Health,Fragrances,23,6,59584532,64392883,True,2019-07-03,7
819,West US,West US Store 78,2019-08-05,Electronics,Tablets,27,200,49127972,62232048,True,2019-04-10,3
820,West US,West US Store 78,2019-07-12,Furniture,Indoor seating,29,100,60480338,68282386,True,2019-03-24,7
821,West US,West US Store 78,2019-06-26,Furniture,Beds,27,30,34931982,71307555,True,2019-02-01,5
822,West US,West US Store 78,2019-07-08,Furniture,Indoor seating,28,40,17076590,49267038,True,2019-05-21,6
823,West US,West US Store 78,2019-04-03,Beauty/Health,Oral care,17,14,90648028,9939841,False,2019-08-03,4
824,West US,West US Store 78,2019-01-10,Electronics,Speakers,6,100,30963226,39759364,True,2019-01-21,8
825,West US,West US Store 78,2019-06-21,Baby,Car seats,27,10,95613187,71739722,True,2019-08-10,4
826,West US,West US Store 78,2019-07-17,Electronics,Cell Phones,24,300,60900157,31548191,False,2019-01-15,5
827,West US,West US Store 78,2019-01-08,Electronics,Cell Phones,7,50,29263026,49267038,True,2019-05-21,7
828,West US,West US Store 78,2019-04-07,Furniture,Indoor seating,16,40,74478236,62232048,True,2019-04-10,4
829,West US,West US Store 78,2019-06-29,Baby,Car seats,25,5,42585951,7346839,False,2019-05-18,4
830,West US,West US Store 78,2019-03-10,Furniture,Beds,13,40,82207851,38895030,True,2019-04-24,3
831,West US,West US Store 78,2019-07-06,Baby,Strollers,26,5,54856285,25497853,False,2019-05-08,4
832,West US,West US Store 78,2019-02-23,Clothing,Baby,11,25,97121853,47970537,True,2019-02-25,7
833,West US,West US Store 78,2019-01-18,Beauty/Health,Haircare,6,14,33671998,65689384,True,2019-02-24,4
834,West US,West US Store 78,2019-06-29,Beauty/Health,Oral care,25,6,91677966,70443221,True,2019-02-27,3
835,West US,West US Store 78,2019-03-16,Baby,Car seats,13,30,28477358,19879682,False,2019-07-20,6
836,West US,West US Store 78,2019-04-21,Clothing,Shoes,15,12,53937386,63960716,True,2019-05-18,5
837,West US,West US Store 78,2019-06-04,Furniture,Patio furniture,24,100,68552143,48834871,True,2019-04-18,6
838,West US,West US Store 78,2019-08-03,Beauty/Health,Haircare,31,15,53668541,89890736,True,2019-08-05,2
839,West US,West US Store 78,2019-07-20,Clothing,Baby,28,13,91812257,28955189,False,2019-03-07,8
840,West US,West US Store 78,2019-01-20,Electronics,Computers,6,200,33316134,69578887,True,2019-03-02,8
841,West US,West US Store 78,2019-02-19,Electronics,Tablets,9,300,23719584,54885209,True,2019-08-04,6
842,West US,West US Store 78,2019-07-13,Clothing,Mens,26,25,48034229,46674036,True,2019-07-07,5
843,West US,West US Store 78,2019-04-07,Baby,Car seats,15,5,50686794,15558012,False,2019-02-26,4
844,West US,West US Store 78,2019-08-01,Electronics,Cell Phones,28,200,56944300,47970537,True,2019-02-25,8
